vpos,r,min_sepcross_all,min_sepcross_sep,conn_sep,rank_sep,bias
1,0,-1,-1,1,0,0.5
1,0,-1,-1,1,0,0.5
1,0,-1,-1,1,0,0.5
1,0,-1,-1,1,0,0.5
1,0,-1,-1,1,0,0.5
1,0,-1,-1,1,0,0.5
1,0,-1,-1,1,0,0.5
1,0,-1,-1,1,0,0.5
1,0,-1,-1,1,0,0.5
1,0,-1,-1,1,0,0.5
1,0,-1,-1,1,0,0.5
1,0,-1,-1,1,0,0.5
1,0,-1,-1,1,0,0.5
1,0,-1,-1,1,0,0.5
1,0,-1,-1,1,0,0.5
1,0,-1,-1,1,0,0.5
1,0,-1,-1,1,0,0.5
1,0,-1,-1,1,0,0.5
1,0,-1,-1,1,0,0.5
1,0,-1,-1,1,0,0.5
1,0,-1,-1,1,0,0.5
1,0,-1,-1,1,0,0.5
1,0,-1,-1,1,0,0.5
1,0,-1,-1,1,0,0.5
1,0,-1,-1,1,0,0.5
1,0,-1,-1,1,0,0.5
1,0,-1,-1,1,0,0.5
1,0,-1,-1,1,0,0.5
1,0,-1,-1,1,0,0.5
1,0,-1,-1,1,0,0.5
1,0,-1,-1,1,0,0.5
1,0,-1,-1,1,0,0.5
1,0,-1,-1,1,0,0.5
1,0,-1,-1,1,0,0.5
1,0,-1,-1,1,0,0.5
1,0,-1,-1,1,0,0.5
1,0,-1,-1,1,0,0.5
1,0,-1,-1,1,0,0.5
1,0,-1,-1,1,0,0.5
1,0,-1,-1,1,0,0.5
1,0,-1,-1,1,0,0.5
1,0,-1,-1,1,0,0.5
1,0,-1,-1,1,0,0.5
1,0,-1,-1,1,0,0.5
1,0,-1,-1,1,0,0.5
1,0,-1,-1,1,0,0.5
1,0,-1,-1,1,0,0.5
1,0,-1,-1,1,0,0.5
1,0,-1,-1,1,0,0.5
1,0,-1,-1,1,0,0.5
1,0,-1,-1,1,0,0.5
1,0,-1,-1,1,0,0.5
1,0,-1,-1,1,0,0.5
1,0,-1,-1,1,0,0.5
1,0,-1,-1,1,0,0.5
1,0,-1,-1,1,0,0.5
1,0,-1,-1,1,0,0.5
1,0,-1,-1,1,0,0.5
1,0,-1,-1,1,0,0.5
1,0,-1,-1,1,0,0.5
1,0,-1,-1,1,0,0.5
1,0,-1,-1,1,0,0.5
1,0,-1,-1,1,0,0.5
1,0,-1,-1,1,0,0.5
1,0,-1,-1,1,0,0.5
1,0,-1,-1,1,0,0.5
1,0,-1,-1,1,0,0.5
1,0,-1,-1,1,0,0.5
1,0,-1,-1,1,0,0.5
1,0,-1,-1,1,0,0.5
1,0,-1,-1,1,0,0.5
1,0,-1,-1,1,0,0.5
1,0,-1,-1,1,0,0.5
1,0,-1,-1,1,0,0.5
1,0,-1,-1,1,0,0.5
1,0,-1,-1,1,0,0.5
1,0,-1,-1,1,0,0.5
1,0,-1,-1,1,0,0.5
1,0,-1,-1,1,0,0.5
1,0,-1,-1,1,0,0.5
1,0,-1,-1,1,0,0.5
1,0,-1,-1,1,0,0.5
1,0,-1,-1,1,0,0.5
1,0,-1,-1,1,0,0.5
1,0,-1,-1,1,0,0.5
1,0,-1,-1,1,0,0.5
1,0,-1,-1,1,0,0.5
1,0,-1,-1,1,0,0.5
1,0,-1,-1,1,0,0.5
1,0,-1,-1,1,0,0.5
1,0,-1,-1,1,0,0.5
1,0,-1,-1,1,0,0.5
1,0,-1,-1,1,0,0.5
1,0,-1,-1,1,0,0.5
1,0,-1,-1,1,0,0.5
1,0,-1,-1,1,0,0.5
1,0,-1,-1,1,0,0.5
1,0,-1,-1,1,0,0.5
1,0,-1,-1,1,0,0.5
1,0,-1,-1,1,0,0.5
1,0,-1,-1,1,0,0.5
1,0,-1,-1,1,0,0.5
1,0,-1,-1,1,0,0.5
1,0,-1,-1,1,0,0.5
1,0,-1,-1,1,0,0.5
2,1,0,0,1,0,0.0
2,1,0,0,1,0,0.0
2,1,0,0,1,0,0.0
2,1,0,0,1,0,0.0
2,1,0,0,1,0,0.0
2,1,0,0,1,0,0.0
2,1,0,0,1,0,0.0
2,1,0,0,1,0,0.0
2,1,0,0,1,0,0.0
2,1,0,0,1,0,0.0
2,1,0,0,1,0,0.0
2,1,0,0,1,0,0.0
2,1,0,0,1,0,0.0
2,1,0,0,1,0,0.0
2,1,0,0,1,0,0.0
2,1,1,0,1,0,0.25
2,1,1,0,1,0,0.25
2,1,1,0,1,0,0.25
2,1,1,0,1,0,0.125
2,1,1,0,1,0,0.1875
2,1,1,0,1,0,0.125
2,1,1,0,1,0,0.25
2,1,1,0,1,0,0.125
2,1,1,0,1,0,0.0625
2,1,1,0,1,0,0.125
2,1,1,0,1,0,0.1875
2,1,1,0,1,0,0.125
2,1,1,0,1,0,0.25
2,1,1,0,1,0,0.25
2,1,1,0,1,0,0.25
2,1,0,0,1,0,0.0
2,1,0,0,1,0,0.0
2,1,0,0,1,0,0.0
2,1,2,0,1,0,0.25
2,1,2,0,1,0,0.25
2,1,2,0,1,0,0.25
2,1,2,0,1,0,0.375
2,1,2,0,1,0,0.125
2,1,2,0,1,0,0.25
2,1,2,0,1,0,0.3125
2,1,2,0,1,0,0.1875
2,1,2,0,1,0,0.25
2,1,2,0,1,0,0.375
2,1,2,0,1,0,0.3125
2,1,2,0,1,0,0.375
2,1,1,0,1,0,0.25
2,1,1,0,1,0,0.125
2,1,1,0,1,0,0.25
2,1,1,0,1,0,0.125
2,1,1,0,1,0,0.0625
2,1,1,0,1,0,0.125
2,1,1,0,1,0,0.25
2,1,3,0,1,0,0.25
2,1,3,0,1,0,0.25
2,1,1,0,1,0,0.125
2,1,3,0,1,0,0.25
2,1,3,0,1,0,0.375
2,1,1,0,1,0,0.25
2,1,3,0,1,0,0.375
2,1,3,0,1,0,0.4375
2,1,0,0,1,0,0.0
2,1,2,0,1,0,0.25
2,1,2,0,1,0,0.375
2,1,0,0,1,0,0.0
2,1,2,0,1,0,0.25
2,1,2,0,1,0,0.3125
2,1,0,0,1,0,0.0
2,1,2,0,1,0,0.125
2,1,2,0,1,0,0.1875
2,1,2,0,1,0,0.25
2,1,2,0,1,0,0.25
2,1,2,0,1,0,0.25
2,1,2,0,1,0,0.375
2,1,2,0,1,0,0.3125
2,1,2,0,1,0,0.375
2,1,1,0,1,0,0.25
2,1,1,0,1,0,0.125
2,1,1,0,1,0,0.25
2,1,1,0,1,0,0.25
2,1,1,0,1,0,0.1875
2,1,1,0,1,0,0.125
2,1,1,0,1,0,0.25
2,1,1,0,1,0,0.125
2,1,1,0,1,0,0.1875
2,1,1,0,1,0,0.125
2,1,1,0,1,0,0.0625
2,1,1,0,1,0,0.125
2,1,1,0,1,0,0.25
2,1,1,0,1,0,0.25
2,1,1,0,1,0,0.25
2,1,0,0,1,0,0.0
2,1,0,0,1,0,0.0
2,1,0,0,1,0,0.0
2,1,0,0,1,0,0.0
2,1,0,0,1,0,0.0
2,1,0,0,1,0,0.0
2,1,0,0,1,0,0.0
2,1,0,0,1,0,0.0
2,1,0,0,1,0,0.0
2,1,0,0,1,0,0.0
2,1,0,0,1,0,0.0
2,1,0,0,1,0,0.0
2,1,0,0,1,0,0.0
2,1,0,0,1,0,0.0
2,1,0,0,1,0,0.0
3,0,-1,-1,1,0,0.5
3,0,-1,-1,1,0,0.5
3,0,-1,-1,1,0,0.5
3,0,-1,-1,1,0,0.5
3,0,-1,-1,1,0,0.5
3,0,-1,-1,1,0,0.5
3,0,-1,-1,1,0,0.5
3,0,-1,-1,1,0,0.5
3,0,-1,-1,1,0,0.5
3,0,-1,-1,1,0,0.5
3,0,-1,-1,1,0,0.5
3,0,-1,-1,1,0,0.5
3,0,-1,-1,1,0,0.5
3,0,-1,-1,1,0,0.5
3,0,-1,-1,1,0,0.5
3,2,1,1,1,2,0.0
3,2,1,1,1,2,0.0
3,2,1,1,1,2,0.0
3,2,1,1,1,2,0.0
3,2,1,1,1,2,0.0
3,2,1,1,1,2,0.0
3,2,1,1,1,2,0.0
3,2,1,1,1,2,0.0
3,2,1,1,1,2,0.0
3,2,1,1,1,2,0.0
3,2,1,1,1,2,0.0
3,2,1,1,1,2,0.0
3,2,1,1,1,2,0.0
3,2,1,1,1,2,0.0
3,2,1,1,1,2,0.0
3,2,0,0,0,0,-0.25
3,2,0,0,0,0,-0.25
3,2,0,0,0,0,-0.25
3,2,2,1,1,2,0.25
3,2,2,1,1,2,0.125
3,2,2,1,1,2,0.25
3,2,1,1,1,2,0.0
3,2,2,1,1,2,0.0625
3,2,2,1,1,2,0.25
3,2,2,1,1,2,0.125
3,2,2,1,1,2,-0.0625
3,2,2,1,1,2,0.25
3,2,1,1,1,2,0.0
3,2,1,1,1,2,0.0
3,2,1,1,1,2,0.0
3,2,0,0,0,0,-0.125
3,2,0,0,0,0,-0.1875
3,2,0,0,0,0,-0.125
3,2,1,0,0,0,0.125
3,2,1,0,0,0,-0.0625
3,2,1,0,0,0,0.125
3,2,1,1,1,2,0.0
3,2,3,1,1,2,0.25
3,2,3,1,1,2,0.375
3,2,1,1,1,2,0.0
3,2,2,1,1,2,0.0625
3,2,2,1,1,2,0.25
3,2,1,1,1,2,0.0
3,2,1,1,1,2,0.0
3,2,1,1,1,2,0.0
3,2,0,0,0,0,-0.25
3,2,0,0,0,0,-0.125
3,2,0,0,0,0,-0.0625
3,2,0,0,0,0,-0.125
3,2,1,0,0,0,0.0625
3,2,1,0,0,0,0.1875
3,2,0,0,0,0,-0.25
3,2,2,0,0,0,0.125
3,2,2,0,0,0,0.3125
3,2,2,1,1,2,0.25
3,2,2,1,1,2,0.125
3,2,2,1,1,2,0.25
3,2,1,1,1,2,0.0
3,2,1,1,1,2,0.0
3,2,1,1,1,2,0.0
3,2,0,0,0,0,-0.125
3,2,0,0,0,0,-0.1875
3,2,0,0,0,0,-0.125
3,2,1,0,0,0,0.0625
3,2,1,0,0,0,-0.0625
3,2,1,0,0,0,0.125
3,2,0,0,0,0,-0.125
3,2,1,0,0,0,0.0625
3,2,1,0,0,0,0.1875
3,2,1,0,0,0,0.125
3,2,1,0,0,0,-0.0625
3,2,1,0,0,0,0.125
3,2,1,1,1,2,0.0
3,2,1,1,1,2,0.0
3,2,1,1,1,2,0.0
3,2,0,0,0,0,-0.25
3,2,0,0,0,0,-0.25
3,2,0,0,0,0,-0.25
3,2,0,0,0,0,-0.125
3,2,0,0,0,0,-0.1875
3,2,0,0,0,0,-0.125
3,2,0,0,0,0,-0.25
3,2,0,0,0,0,-0.125
3,2,0,0,0,0,-0.0625
3,2,0,0,0,0,-0.125
3,2,0,0,0,0,-0.1875
3,2,0,0,0,0,-0.125
3,2,0,0,0,0,-0.25
3,2,0,0,0,0,-0.25
3,2,0,0,0,0,-0.25
4,1,0,0,1,0,0.0
4,1,0,0,1,0,0.0
4,1,0,0,1,0,0.0
4,1,1,0,1,0,0.25
4,1,1,0,1,0,0.125
4,1,1,0,1,0,0.25
4,1,0,0,1,0,0.0
4,1,2,0,1,0,0.25
4,1,2,0,1,0,0.375
4,1,1,0,1,0,0.25
4,1,1,0,1,0,0.125
4,1,1,0,1,0,0.25
4,1,0,0,1,0,0.0
4,1,0,0,1,0,0.0
4,1,0,0,1,0,0.0
4,1,1,0,1,0,0.25
4,1,1,0,1,0,0.25
4,1,1,0,1,0,0.25
4,1,2,0,1,0,0.375
4,1,2,0,1,0,0.3125
4,1,2,0,1,0,0.375
4,1,1,0,1,0,0.25
4,1,3,0,1,0,0.375
4,1,3,0,1,0,0.4375
4,1,2,0,1,0,0.375
4,1,2,0,1,0,0.3125
4,1,2,0,1,0,0.375
4,1,1,0,1,0,0.25
4,1,1,0,1,0,0.25
4,1,1,0,1,0,0.25
4,1,0,0,1,0,0.0
4,1,0,0,1,0,0.0
4,1,0,0,1,0,0.0
4,3,2,2,1,2,0.0
4,3,2,2,1,2,0.0
4,3,2,2,1,2,0.0
4,3,1,1,1,2,0.0
4,3,2,2,1,2,0.0
4,3,2,2,1,2,0.0
4,3,1,1,1,2,0.0
4,3,2,1,1,2,0.0
4,3,2,2,1,2,0.0
4,3,1,1,1,2,0.0
4,3,1,1,1,2,0.0
4,3,1,1,1,2,0.0
4,1,1,0,1,0,0.25
4,1,1,0,1,0,0.125
4,1,1,0,1,0,0.25
4,3,1,1,1,2,0.0
4,3,1,1,1,2,-0.125
4,3,1,1,1,2,0.0
4,3,0,0,0,2,-0.25
4,3,3,2,1,2,0.25
4,3,2,2,1,2,0.0
4,3,0,0,0,2,-0.25
4,3,2,1,1,2,0.25
4,3,2,2,1,2,0.0
4,3,0,0,0,2,-0.25
4,3,1,1,1,2,0.0625
4,3,1,1,1,2,-0.125
4,1,0,0,1,0,0.0
4,1,2,0,1,0,0.25
4,1,2,0,1,0,0.375
4,3,0,0,0,2,-0.25
4,3,1,1,1,2,0.0625
4,3,1,1,1,2,0.0
4,3,0,0,0,0,-0.375
4,3,2,1,1,2,0.25
4,3,2,1,1,2,0.0
4,3,0,0,0,2,-0.125
4,3,1,0,0,2,0.125
4,3,2,2,1,2,0.0
4,3,0,0,0,2,-0.25
4,3,1,0,0,2,-0.0625
4,3,1,1,1,2,0.0
4,1,1,0,1,0,0.25
4,1,1,0,1,0,0.125
4,1,1,0,1,0,0.25
4,3,1,0,0,2,-0.125
4,3,1,0,0,2,-0.0625
4,3,1,1,1,2,0.0
4,3,0,0,0,0,-0.3125
4,3,1,0,0,2,0.125
4,3,1,1,1,2,0.0
4,3,0,0,0,0,-0.1875
4,3,1,0,0,0,0.0625
4,3,1,1,1,2,0.0
4,3,0,0,0,2,-0.25
4,3,1,0,0,2,-0.125
4,3,0,0,0,2,-0.25
4,1,0,0,1,0,0.0
4,1,0,0,1,0,0.0
4,1,0,0,1,0,0.0
4,3,0,0,0,2,-0.25
4,3,0,0,0,2,-0.25
4,3,0,0,0,2,-0.25
4,3,0,0,0,0,-0.375
4,3,0,0,0,2,-0.125
4,3,0,0,0,2,-0.25
4,3,0,0,0,0,-0.3125
4,3,0,0,0,0,-0.1875
4,3,0,0,0,2,-0.25
4,3,0,0,0,0,-0.375
4,3,0,0,0,0,-0.3125
4,3,0,0,0,0,-0.375
5,0,-1,-1,1,0,0.5
5,0,-1,-1,1,0,0.5
5,0,-1,-1,1,0,0.5
5,2,1,1,1,2,0.0
5,2,1,1,1,2,0.0
5,2,1,1,1,2,0.0
5,2,0,0,0,0,-0.25
5,2,2,1,1,2,0.25
5,2,1,1,1,2,0.0
5,2,0,0,0,0,-0.125
5,2,1,0,0,0,0.125
5,2,1,1,1,2,0.0
5,2,0,0,0,0,-0.25
5,2,0,0,0,0,-0.125
5,2,0,0,0,0,-0.25
5,0,-1,-1,1,0,0.5
5,0,-1,-1,1,0,0.5
5,0,-1,-1,1,0,0.5
5,2,1,1,1,2,0.0
5,2,2,1,1,2,0.125
5,2,1,1,1,2,0.0
5,2,0,0,0,0,-0.125
5,2,2,1,1,2,0.25
5,2,1,1,1,2,0.0
5,2,0,0,0,0,-0.0625
5,2,1,0,0,0,0.1875
5,2,1,1,1,2,0.0
5,2,0,0,0,0,-0.125
5,2,1,0,0,0,0.0625
5,2,0,0,0,0,-0.125
5,0,-1,-1,1,0,0.5
5,0,-1,-1,1,0,0.5
5,0,-1,-1,1,0,0.5
5,2,2,1,1,2,0.25
5,2,2,1,1,2,0.25
5,2,2,1,1,2,0.25
5,2,1,0,0,0,0.125
5,2,3,1,1,2,0.375
5,2,2,1,1,2,0.25
5,2,1,0,0,0,0.1875
5,2,2,0,0,0,0.3125
5,2,2,1,1,2,0.25
5,2,1,0,0,0,0.125
5,2,1,0,0,0,0.1875
5,2,1,0,0,0,0.125
5,2,1,1,1,2,0.0
5,2,1,1,1,2,0.0
5,2,1,1,1,2,0.0
5,2,1,1,1,2,0.0
5,2,1,1,1,2,0.0
5,2,1,1,1,2,0.0
5,2,1,1,1,2,0.0
5,4,3,3,1,4,0.0
5,4,2,2,1,2,0.0
5,2,1,1,1,2,0.0
5,4,2,2,1,2,0.0
5,4,1,1,1,4,0.0
5,2,1,1,1,2,0.0
5,4,1,1,1,4,0.0
5,4,1,1,1,2,0.0
5,2,0,0,0,0,-0.25
5,2,2,1,1,2,0.25
5,2,1,1,1,2,0.0
5,2,0,0,0,0,-0.125
5,2,2,1,1,2,0.25
5,2,2,1,1,2,0.125
5,2,0,0,0,0,-0.25
5,4,2,2,1,2,0.0
5,4,2,2,1,2,0.125
5,2,2,1,1,2,0.25
5,4,1,1,1,4,0.0
5,4,0,0,0,2,-0.25
5,2,1,1,1,2,0.0
5,4,1,1,1,4,-0.0625
5,4,0,0,0,2,-0.25
5,2,0,0,0,0,-0.125
5,2,1,0,0,0,0.125
5,2,1,1,1,2,0.0
5,2,1,0,0,0,0.0625
5,2,1,0,0,0,0.1875
5,2,1,1,1,2,0.0
5,2,0,0,0,0,-0.125
5,4,1,1,1,4,0.0
5,4,1,1,1,4,-0.0625
5,2,1,0,0,0,0.125
5,4,1,1,1,2,0.0
5,4,0,0,0,2,-0.25
5,2,1,1,1,2,0.0
5,4,1,1,0,4,-0.25
5,4,0,0,0,2,-0.375
5,2,0,0,0,0,-0.25
5,2,0,0,0,0,-0.125
5,2,0,0,0,0,-0.25
5,2,0,0,0,0,-0.125
5,2,0,0,0,0,-0.0625
5,2,0,0,0,0,-0.125
5,2,0,0,0,0,-0.25
5,4,0,0,0,2,-0.25
5,4,0,0,0,2,-0.25
5,2,0,0,0,0,-0.125
5,4,0,0,0,2,-0.25
5,4,0,0,0,2,-0.375
5,2,0,0,0,0,-0.25
5,4,0,0,0,2,-0.375
5,4,0,0,0,0,-0.4375
6,1,0,0,1,0,0.0
6,1,1,0,1,0,0.25
6,1,0,0,1,0,0.0
6,1,1,0,1,0,0.25
6,1,2,0,1,0,0.375
6,1,1,0,1,0,0.25
6,1,0,0,1,0,0.0
6,3,2,2,1,2,0.0
6,3,1,1,1,2,0.0
6,1,1,0,1,0,0.25
6,3,1,1,1,2,0.0
6,3,0,0,0,2,-0.25
6,1,0,0,1,0,0.0
6,3,0,0,0,2,-0.25
6,3,0,0,0,0,-0.375
6,1,0,0,1,0,0.0
6,1,1,0,1,0,0.25
6,1,0,0,1,0,0.0
6,1,1,0,1,0,0.125
6,1,2,0,1,0,0.3125
6,1,1,0,1,0,0.125
6,1,1,0,1,0,0.25
6,3,2,2,1,2,0.0
6,3,1,1,1,2,-0.125
6,1,2,0,1,0,0.375
6,3,1,1,1,2,0.0
6,3,0,0,0,2,-0.25
6,1,1,0,1,0,0.25
6,3,1,0,0,2,-0.125
6,3,0,0,0,0,-0.3125
6,1,0,0,1,0,0.0
6,1,1,0,1,0,0.25
6,1,0,0,1,0,0.0
6,1,2,0,1,0,0.25
6,1,3,0,1,0,0.375
6,1,2,0,1,0,0.25
6,1,1,0,1,0,0.125
6,3,2,2,1,2,0.0
6,3,1,1,1,2,0.0625
6,1,2,0,1,0,0.3125
6,3,2,1,1,2,0.0
6,3,0,0,0,2,-0.125
6,1,1,0,1,0,0.125
6,3,1,0,0,2,-0.0625
6,3,0,0,0,0,-0.1875
6,1,1,0,1,0,0.25
6,1,2,0,1,0,0.375
6,1,1,0,1,0,0.25
6,1,2,0,1,0,0.375
6,1,3,0,1,0,0.4375
6,1,2,0,1,0,0.375
6,1,1,0,1,0,0.25
6,3,3,2,1,2,0.25
6,3,2,1,1,2,0.25
6,1,2,0,1,0,0.375
6,3,2,1,1,2,0.25
6,3,1,0,0,2,0.125
6,1,1,0,1,0,0.25
6,3,1,0,0,2,0.125
6,3,1,0,0,0,0.0625
6,1,0,0,1,0,0.0
6,3,2,2,1,2,0.0
6,3,1,1,1,2,0.0
6,1,0,0,1,0,0.0
6,3,2,2,1,2,0.0
6,3,1,1,1,2,0.0
6,1,0,0,1,0,0.0
6,3,2,2,1,2,0.0
6,3,2,1,1,2,0.0
6,3,2,2,1,2,0.0
6,3,2,2,1,2,0.0
6,3,2,2,1,2,0.0
6,3,1,1,1,2,0.0
6,3,1,1,1,2,0.0
6,3,1,1,1,2,0.0
6,1,1,0,1,0,0.25
6,3,1,1,1,2,0.0
6,3,0,0,0,2,-0.25
6,1,1,0,1,0,0.25
6,3,1,1,1,2,0.0
6,3,0,0,0,2,-0.25
6,1,1,0,1,0,0.25
6,3,1,1,1,2,0.0625
6,3,1,0,0,2,-0.0625
6,3,1,1,1,2,0.0
6,3,1,1,1,2,-0.125
6,3,1,1,1,2,0.0
6,3,0,0,0,2,-0.25
6,3,1,0,0,2,-0.125
6,3,0,0,0,2,-0.25
6,1,0,0,1,0,0.0
6,3,0,0,0,2,-0.25
6,3,0,0,0,0,-0.375
6,1,0,0,1,0,0.0
6,3,0,0,0,2,-0.25
6,3,0,0,0,0,-0.3125
6,1,0,0,1,0,0.0
6,3,0,0,0,2,-0.125
6,3,0,0,0,0,-0.1875
6,3,0,0,0,2,-0.25
6,3,0,0,0,2,-0.25
6,3,0,0,0,2,-0.25
6,3,0,0,0,0,-0.375
6,3,0,0,0,0,-0.3125
6,3,0,0,0,0,-0.375
7,0,-1,-1,1,0,0.5
7,2,1,1,1,2,0.0
7,2,0,0,0,0,-0.25
7,0,-1,-1,1,0,0.5
7,2,1,1,1,2,0.0
7,2,0,0,0,0,-0.125
7,0,-1,-1,1,0,0.5
7,2,2,1,1,2,0.25
7,2,1,0,0,0,0.125
7,2,1,1,1,2,0.0
7,2,1,1,1,2,0.0
7,2,1,1,1,2,0.0
7,2,0,0,0,0,-0.25
7,2,0,0,0,0,-0.125
7,2,0,0,0,0,-0.25
7,0,-1,-1,1,0,0.5
7,2,1,1,1,2,0.0
7,2,0,0,0,0,-0.25
7,0,-1,-1,1,0,0.5
7,2,1,1,1,2,0.0
7,2,0,0,0,0,-0.1875
7,0,-1,-1,1,0,0.5
7,2,2,1,1,2,0.125
7,2,1,0,0,0,-0.0625
7,2,1,1,1,2,0.0
7,2,2,1,1,2,0.125
7,2,1,1,1,2,0.0
7,2,0,0,0,0,-0.125
7,2,1,0,0,0,0.0625
7,2,0,0,0,0,-0.125
7,0,-1,-1,1,0,0.5
7,2,1,1,1,2,0.0
7,2,0,0,0,0,-0.25
7,0,-1,-1,1,0,0.5
7,2,1,1,1,2,0.0
7,2,0,0,0,0,-0.125
7,0,-1,-1,1,0,0.5
7,2,2,1,1,2,0.0625
7,2,1,0,0,0,0.0625
7,2,1,1,1,2,0.0
7,2,2,1,1,2,-0.0625
7,2,2,1,1,2,0.25
7,2,0,0,0,0,-0.1875
7,2,1,0,0,0,-0.0625
7,2,1,0,0,0,0.125
7,0,-1,-1,1,0,0.5
7,2,1,1,1,2,0.0
7,2,0,0,0,0,-0.125
7,0,-1,-1,1,0,0.5
7,2,1,1,1,2,0.0
7,2,0,0,0,0,-0.0625
7,0,-1,-1,1,0,0.5
7,2,3,1,1,2,0.25
7,2,2,0,0,0,0.125
7,2,1,1,1,2,0.0
7,2,2,1,1,2,0.0625
7,2,2,1,1,2,0.125
7,2,0,0,0,0,-0.125
7,2,1,0,0,0,0.0625
7,2,1,0,0,0,-0.0625
7,0,-1,-1,1,0,0.5
7,2,2,1,1,2,0.25
7,2,1,0,0,0,0.125
7,0,-1,-1,1,0,0.5
7,2,2,1,1,2,0.25
7,2,1,0,0,0,0.1875
7,0,-1,-1,1,0,0.5
7,2,3,1,1,2,0.375
7,2,2,0,0,0,0.3125
7,2,2,1,1,2,0.25
7,2,2,1,1,2,0.25
7,2,2,1,1,2,0.25
7,2,1,0,0,0,0.125
7,2,1,0,0,0,0.1875
7,2,1,0,0,0,0.125
7,2,1,1,1,2,0.0
7,2,1,1,1,2,0.0
7,2,1,1,1,2,0.0
7,2,1,1,1,2,0.0
7,2,1,1,1,2,0.0
7,2,1,1,1,2,0.0
7,2,1,1,1,2,0.0
7,2,1,1,1,2,0.0
7,2,1,1,1,2,0.0
7,2,1,1,1,2,0.0
7,2,1,1,1,2,0.0
7,2,1,1,1,2,0.0
7,2,1,1,1,2,0.0
7,2,1,1,1,2,0.0
7,2,1,1,1,2,0.0
7,2,0,0,0,0,-0.25
7,2,0,0,0,0,-0.125
7,2,0,0,0,0,-0.25
7,2,0,0,0,0,-0.25
7,2,0,0,0,0,-0.1875
7,2,0,0,0,0,-0.125
7,2,0,0,0,0,-0.25
7,2,0,0,0,0,-0.125
7,2,0,0,0,0,-0.1875
7,2,0,0,0,0,-0.125
7,2,0,0,0,0,-0.0625
7,2,0,0,0,0,-0.125
7,2,0,0,0,0,-0.25
7,2,0,0,0,0,-0.25
7,2,0,0,0,0,-0.25
8,1,0,0,1,0,0.0
8,1,1,0,1,0,0.25
8,1,0,0,1,0,0.0
8,1,0,0,1,0,0.0
8,1,1,0,1,0,0.125
8,1,1,0,1,0,0.25
8,1,0,0,1,0,0.0
8,1,2,0,1,0,0.25
8,1,1,0,1,0,0.125
8,1,1,0,1,0,0.25
8,1,2,0,1,0,0.375
8,1,1,0,1,0,0.25
8,1,0,0,1,0,0.0
8,1,0,0,1,0,0.0
8,1,0,0,1,0,0.0
8,1,0,0,1,0,0.0
8,1,1,0,1,0,0.25
8,1,0,0,1,0,0.0
8,1,0,0,1,0,0.0
8,1,1,0,1,0,0.1875
8,1,1,0,1,0,0.125
8,1,0,0,1,0,0.0
8,1,2,0,1,0,0.25
8,1,1,0,1,0,0.0625
8,1,1,0,1,0,0.125
8,1,2,0,1,0,0.3125
8,1,1,0,1,0,0.125
8,1,1,0,1,0,0.25
8,1,1,0,1,0,0.25
8,1,1,0,1,0,0.25
8,1,0,0,1,0,0.0
8,1,1,0,1,0,0.25
8,1,0,0,1,0,0.0
8,1,0,0,1,0,0.0
8,1,1,0,1,0,0.125
8,1,2,0,1,0,0.25
8,1,0,0,1,0,0.0
8,1,2,0,1,0,0.125
8,1,2,0,1,0,0.25
8,1,1,0,1,0,0.1875
8,1,2,0,1,0,0.1875
8,1,2,0,1,0,0.25
8,1,1,0,1,0,0.125
8,1,1,0,1,0,0.1875
8,1,1,0,1,0,0.125
8,1,0,0,1,0,0.0
8,1,1,0,1,0,0.125
8,1,1,0,1,0,0.25
8,1,0,0,1,0,0.0
8,1,1,0,1,0,0.0625
8,1,2,0,1,0,0.375
8,1,0,0,1,0,0.0
8,1,3,0,1,0,0.25
8,1,2,0,1,0,0.125
8,1,1,0,1,0,0.125
8,1,3,0,1,0,0.25
8,1,2,0,1,0,0.25
8,1,1,0,1,0,0.25
8,1,1,0,1,0,0.125
8,1,1,0,1,0,0.0625
8,1,0,0,1,0,0.0
8,1,2,0,1,0,0.25
8,1,1,0,1,0,0.125
8,1,0,0,1,0,0.0
8,1,2,0,1,0,0.25
8,1,2,0,1,0,0.3125
8,1,0,0,1,0,0.0
8,1,3,0,1,0,0.25
8,1,2,0,1,0,0.1875
8,1,2,0,1,0,0.25
8,1,3,0,1,0,0.375
8,1,2,0,1,0,0.25
8,1,1,0,1,0,0.125
8,1,1,0,1,0,0.1875
8,1,1,0,1,0,0.125
8,1,1,0,1,0,0.25
8,1,2,0,1,0,0.375
8,1,1,0,1,0,0.25
8,1,1,0,1,0,0.25
8,1,2,0,1,0,0.3125
8,1,2,0,1,0,0.375
8,1,1,0,1,0,0.25
8,1,3,0,1,0,0.375
8,1,2,0,1,0,0.3125
8,1,2,0,1,0,0.375
8,1,3,0,1,0,0.4375
8,1,2,0,1,0,0.375
8,1,1,0,1,0,0.25
8,1,1,0,1,0,0.25
8,1,1,0,1,0,0.25
8,1,0,0,1,0,0.0
8,1,0,0,1,0,0.0
8,1,0,0,1,0,0.0
8,1,0,0,1,0,0.0
8,1,0,0,1,0,0.0
8,1,0,0,1,0,0.0
8,1,0,0,1,0,0.0
8,1,0,0,1,0,0.0
8,1,0,0,1,0,0.0
8,1,0,0,1,0,0.0
8,1,0,0,1,0,0.0
8,1,0,0,1,0,0.0
8,1,0,0,1,0,0.0
8,1,0,0,1,0,0.0
8,1,0,0,1,0,0.0
9,0,-1,-1,1,0,0.5
9,0,-1,-1,1,0,0.5
9,0,-1,-1,1,0,0.5
9,0,-1,-1,1,0,0.5
9,0,-1,-1,1,0,0.5
9,0,-1,-1,1,0,0.5
9,0,-1,-1,1,0,0.5
9,0,-1,-1,1,0,0.5
9,0,-1,-1,1,0,0.5
9,0,-1,-1,1,0,0.5
9,0,-1,-1,1,0,0.5
9,0,-1,-1,1,0,0.5
9,0,-1,-1,1,0,0.5
9,0,-1,-1,1,0,0.5
9,0,-1,-1,1,0,0.5
9,0,-1,-1,1,0,0.5
9,0,-1,-1,1,0,0.5
9,0,-1,-1,1,0,0.5
9,0,-1,-1,1,0,0.5
9,0,-1,-1,1,0,0.5
9,0,-1,-1,1,0,0.5
9,0,-1,-1,1,0,0.5
9,0,-1,-1,1,0,0.5
9,0,-1,-1,1,0,0.5
9,0,-1,-1,1,0,0.5
9,0,-1,-1,1,0,0.5
9,0,-1,-1,1,0,0.5
9,0,-1,-1,1,0,0.5
9,0,-1,-1,1,0,0.5
9,0,-1,-1,1,0,0.5
9,0,-1,-1,1,0,0.5
9,0,-1,-1,1,0,0.5
9,0,-1,-1,1,0,0.5
9,0,-1,-1,1,0,0.5
9,0,-1,-1,1,0,0.5
9,0,-1,-1,1,0,0.5
9,0,-1,-1,1,0,0.5
9,0,-1,-1,1,0,0.5
9,0,-1,-1,1,0,0.5
9,0,-1,-1,1,0,0.5
9,0,-1,-1,1,0,0.5
9,0,-1,-1,1,0,0.5
9,0,-1,-1,1,0,0.5
9,0,-1,-1,1,0,0.5
9,0,-1,-1,1,0,0.5
9,0,-1,-1,1,0,0.5
9,0,-1,-1,1,0,0.5
9,0,-1,-1,1,0,0.5
9,0,-1,-1,1,0,0.5
9,0,-1,-1,1,0,0.5
9,0,-1,-1,1,0,0.5
9,0,-1,-1,1,0,0.5
9,0,-1,-1,1,0,0.5
9,0,-1,-1,1,0,0.5
9,0,-1,-1,1,0,0.5
9,0,-1,-1,1,0,0.5
9,0,-1,-1,1,0,0.5
9,0,-1,-1,1,0,0.5
9,0,-1,-1,1,0,0.5
9,0,-1,-1,1,0,0.5
9,0,-1,-1,1,0,0.5
9,0,-1,-1,1,0,0.5
9,0,-1,-1,1,0,0.5
9,0,-1,-1,1,0,0.5
9,0,-1,-1,1,0,0.5
9,0,-1,-1,1,0,0.5
9,0,-1,-1,1,0,0.5
9,0,-1,-1,1,0,0.5
9,0,-1,-1,1,0,0.5
9,0,-1,-1,1,0,0.5
9,0,-1,-1,1,0,0.5
9,0,-1,-1,1,0,0.5
9,0,-1,-1,1,0,0.5
9,0,-1,-1,1,0,0.5
9,0,-1,-1,1,0,0.5
9,0,-1,-1,1,0,0.5
9,0,-1,-1,1,0,0.5
9,0,-1,-1,1,0,0.5
9,0,-1,-1,1,0,0.5
9,0,-1,-1,1,0,0.5
9,0,-1,-1,1,0,0.5
9,0,-1,-1,1,0,0.5
9,0,-1,-1,1,0,0.5
9,0,-1,-1,1,0,0.5
9,0,-1,-1,1,0,0.5
9,0,-1,-1,1,0,0.5
9,0,-1,-1,1,0,0.5
9,0,-1,-1,1,0,0.5
9,0,-1,-1,1,0,0.5
9,0,-1,-1,1,0,0.5
9,0,-1,-1,1,0,0.5
9,0,-1,-1,1,0,0.5
9,0,-1,-1,1,0,0.5
9,0,-1,-1,1,0,0.5
9,0,-1,-1,1,0,0.5
9,0,-1,-1,1,0,0.5
9,0,-1,-1,1,0,0.5
9,0,-1,-1,1,0,0.5
9,0,-1,-1,1,0,0.5
9,0,-1,-1,1,0,0.5
9,0,-1,-1,1,0,0.5
9,0,-1,-1,1,0,0.5
9,0,-1,-1,1,0,0.5
9,0,-1,-1,1,0,0.5
9,0,-1,-1,1,0,0.5
