n,k,bias,nsep,ncut,ncyc
30,11,0.048828,2,0,2
30,7,-0.500000,0,0,4
30,14,-0.016418,6,0,4
30,12,0.099609,1,0,2
30,13,-0.079590,4,0,2
30,9,0.046875,5,0,2
30,13,0.034668,7,0,3
30,13,-0.139648,5,0,4
30,13,0.138672,2,0,3
30,13,0.500000,7,0,3
30,11,0.282227,6,0,2
30,15,0.189333,3,0,1
30,15,-0.055333,4,0,3
30,13,-0.149414,2,1,3
30,12,0.500000,5,0,2
30,14,-0.164062,1,0,2
30,15,0.018000,7,0,4
30,14,0.065857,8,0,3
30,12,0.000000,3,0,4
30,14,0.500000,10,0,4
30,12,-0.324951,1,0,3
30,15,-0.154667,8,0,3
30,14,-0.167908,9,0,3
30,12,-0.058838,5,0,2
30,13,0.125000,1,0,5
30,13,0.218506,4,0,4
30,14,-0.088867,5,0,2
30,11,-0.195312,4,1,2
30,11,0.312500,7,0,4
30,10,-0.500000,0,0,4
30,16,-0.234667,7,0,3
30,13,-0.018555,5,0,4
30,16,0.039333,4,0,7
30,14,0.500000,0,0,2
30,17,-0.034667,10,0,1
30,15,0.123333,1,0,3
30,14,0.110596,3,0,1
30,10,-0.109375,2,0,3
30,12,-0.097656,9,0,2
30,10,-0.175781,1,0,3
30,12,-0.406250,3,0,4
30,12,0.053467,6,0,2
30,10,0.000000,4,0,4
30,8,-0.281250,4,0,3
30,13,-0.266357,2,0,3
30,15,0.228667,1,0,3
30,12,0.023438,4,0,4
30,10,0.500000,8,0,3
30,13,0.500000,5,0,3
30,11,0.500000,0,0,1
30,12,0.069336,5,0,2
30,15,-0.061333,9,0,4
30,13,0.210693,3,0,3
30,13,0.120117,8,0,5
30,14,0.087769,6,0,1
30,18,0.018667,6,0,3
30,14,0.077759,9,0,3
30,11,-0.017578,6,0,4
30,15,-0.108667,8,0,2
30,13,0.500000,0,0,3
30,15,0.240000,5,0,3
30,16,-0.500000,0,0,2
30,14,-0.097656,5,0,3
30,12,0.135742,7,0,4
30,14,-0.060791,5,0,3
30,15,0.002667,3,0,5
30,13,-0.192383,1,0,4
30,14,-0.093262,10,0,2
30,13,0.171875,1,0,3
30,11,-0.013672,4,0,2
30,12,-0.177734,3,1,2
30,12,0.114258,7,0,3
30,16,0.042667,5,0,4
30,16,-0.044000,2,0,3
30,9,-0.158203,6,0,5
30,15,-0.084000,10,1,2
30,14,0.277588,1,0,3
30,15,-0.004667,7,0,3
30,16,-0.282667,8,0,3
30,16,-0.036000,6,0,2
30,13,0.134277,6,0,5
30,17,-0.004667,9,0,4
30,17,-0.167333,1,0,2
30,12,0.258789,3,0,2
30,14,-0.234985,9,0,3
30,15,0.018667,4,0,2
30,12,0.500000,3,0,3
30,12,-0.398682,3,0,3
30,13,0.109253,5,0,3
30,9,0.195312,3,0,1
30,16,-0.074667,6,0,4
30,11,0.228516,1,0,1
30,11,-0.027344,2,0,3
30,10,0.025391,3,0,2
30,13,0.022583,6,0,4
30,11,0.136719,3,0,4
30,11,0.203125,4,0,4
30,12,-0.155273,10,0,4
30,15,-0.046000,7,0,3
30,15,0.064667,10,0,1
30,12,-0.195312,2,0,3
30,11,0.126953,6,0,3
30,15,-0.272000,2,0,2
30,13,0.222656,1,0,4
30,12,0.080078,5,0,4
30,12,0.000000,3,0,5
30,10,0.500000,4,0,4
30,12,0.000000,3,0,3
30,12,0.104004,4,0,3
30,14,-0.024658,5,0,3
30,13,0.187500,10,0,5
30,17,-0.053333,7,0,5
30,10,0.034180,4,0,3
30,15,0.081333,4,0,2
30,16,0.104000,4,0,3
30,11,-0.390625,1,0,5
30,13,0.111206,8,0,3
30,11,0.089355,4,0,1
30,14,-0.093384,9,0,3
30,11,-0.265625,5,0,5
30,13,-0.022461,5,0,3
30,13,0.102051,4,0,4
30,12,-0.269531,1,0,5
30,10,0.062500,6,0,3
30,16,-0.162667,7,1,1
30,13,0.096436,6,0,1
30,10,0.162109,4,0,2
30,10,-0.054688,4,0,4
30,15,-0.320667,4,0,6
30,10,0.500000,0,0,5
30,11,0.023926,6,0,3
30,11,0.262207,4,0,3
30,16,0.003333,9,0,4
30,15,-0.130667,2,0,4
30,15,0.153333,7,0,4
30,15,0.040667,11,0,5
30,12,0.087891,4,0,4
30,16,0.322000,2,0,3
30,14,-0.140686,2,0,3
30,12,-0.185547,3,0,3
30,11,-0.187500,1,0,4
30,14,0.104370,7,0,4
30,14,-0.283447,3,0,6
30,12,-0.046387,3,0,2
30,14,0.060486,3,0,2
30,14,-0.017090,8,0,4
30,12,0.170654,7,0,3
30,13,-0.005127,8,0,2
30,11,0.500000,5,0,3
30,12,0.000000,8,0,2
30,14,0.102783,9,0,3
30,9,0.000000,2,0,2
30,13,0.059326,5,0,3
30,14,0.125000,5,0,4
30,12,-0.312500,2,0,3
30,14,0.372742,8,0,4
30,12,0.153809,1,0,1
30,13,0.500000,0,0,1
30,14,0.000000,6,0,3
30,11,0.500000,0,0,3
30,15,0.005333,4,0,5
30,15,0.218000,6,0,2
30,11,0.039062,6,0,2
30,12,0.346680,3,0,3
30,11,-0.062500,4,0,2
30,15,0.308000,1,0,1
30,12,-0.030273,6,0,2
30,14,0.000000,8,0,5
30,17,-0.206667,3,0,4
30,15,0.070667,2,0,1
30,13,-0.500000,0,0,5
30,12,0.162109,3,0,1
30,13,-0.253906,5,0,2
30,14,-0.103027,7,0,2
30,14,0.096558,9,0,2
30,9,0.125000,2,0,5
30,14,-0.232178,7,1,1
30,19,-0.374000,1,0,7
30,11,0.500000,0,0,1
30,17,-0.129333,8,0,2
30,15,-0.094667,4,0,3
30,15,-0.120667,11,0,3
30,12,-0.153320,4,0,3
30,9,0.500000,2,0,4
30,9,-0.062500,2,0,2
30,10,0.500000,0,0,4
30,16,0.002000,6,0,2
30,15,0.018000,6,0,2
30,15,0.010667,3,0,2
30,11,0.087402,9,0,3
30,17,-0.032667,6,0,2
30,14,0.500000,0,0,3
30,16,-0.328667,6,0,3
30,11,0.500000,3,0,2
30,11,-0.141602,4,0,2
30,10,-0.083008,4,0,2
30,13,-0.071655,7,0,3
30,13,-0.017090,5,0,1
30,12,-0.113281,5,0,4
30,11,-0.195312,5,0,5
30,12,-0.086914,4,0,4
30,10,0.109375,4,0,2
30,11,0.399902,1,0,2
30,15,-0.015333,7,0,5
30,15,0.500000,5,0,2
30,13,-0.131836,2,0,4
30,16,0.500000,0,0,2
30,15,0.036000,5,0,4
30,15,0.062000,4,0,4
30,16,0.150000,4,0,6
30,17,-0.114667,3,0,4
30,16,0.052000,4,0,7
30,12,0.021484,8,0,6
30,9,-0.312500,1,0,3
30,12,-0.063477,4,0,2
30,11,0.062500,4,0,2
30,12,0.000000,6,0,3
30,13,0.096191,5,0,4
30,15,0.119333,9,0,3
30,14,0.208008,2,0,3
30,14,0.500000,9,0,2
30,17,0.032667,7,0,4
30,12,-0.142578,2,0,3
30,12,0.000000,8,0,2
30,15,-0.142000,1,0,6
30,12,-0.089844,3,0,1
30,15,-0.035333,5,0,4
30,16,-0.181333,9,0,2
30,12,-0.066895,4,0,2
30,13,-0.017090,3,0,4
30,12,0.124023,6,0,3
30,16,-0.059333,6,0,4
30,17,0.023333,3,0,1
30,13,0.107422,6,0,3
30,14,0.500000,10,0,2
30,11,0.000000,3,0,6
30,13,0.500000,0,0,2
30,12,-0.250000,2,0,3
30,15,0.078000,10,0,1
30,11,-0.129883,4,0,3
30,10,0.500000,0,0,6
30,15,-0.304000,1,0,5
30,14,0.063477,9,0,3
30,15,0.022667,9,0,3
30,10,0.269531,1,0,3
30,11,-0.027344,8,0,4
30,12,-0.186523,3,0,6
30,12,-0.238525,5,0,3
30,12,-0.205811,8,1,2
30,13,0.096802,8,0,2
30,11,-0.343750,1,0,5
30,13,-0.212646,5,0,2
30,15,0.128667,9,0,4
30,13,-0.384766,4,0,3
30,12,0.270508,6,0,3
30,13,0.149780,7,0,4
30,14,-0.112305,4,0,3
30,11,0.209961,5,0,2
30,12,0.074219,6,0,3
30,12,-0.144531,2,0,3
30,11,-0.156250,4,0,6
30,13,-0.426514,1,0,4
30,11,-0.009766,8,0,1
30,15,0.201333,1,0,2
30,13,0.500000,6,0,2
30,11,-0.058105,5,0,3
30,13,-0.234375,4,0,4
30,14,-0.305054,6,0,5
30,13,-0.070312,6,0,1
30,15,-0.026000,4,0,5
30,14,0.185242,1,0,1
30,11,0.422852,1,0,6
30,15,-0.097333,7,0,3
30,13,-0.249023,3,0,3
30,16,0.052000,3,0,3
30,14,0.201904,2,0,4
30,13,0.000000,3,0,5
30,12,-0.162109,1,0,4
30,10,0.250000,2,0,5
30,12,0.011719,2,0,3
30,14,0.034668,6,0,1
30,13,0.000000,8,0,4
30,15,-0.500000,6,0,4
30,8,-0.265625,2,0,5
30,12,-0.042969,3,0,3
30,16,-0.046000,3,0,3
30,11,0.150391,3,0,3
30,10,-0.250000,3,0,5
30,14,0.034668,6,0,5
30,13,0.149414,6,0,4
30,15,-0.230667,6,0,4
30,13,0.043701,7,0,2
30,9,0.250000,5,0,4
30,15,0.168667,4,0,4
30,14,0.500000,3,0,3
30,11,-0.250000,6,0,5
30,13,0.500000,0,0,2
30,15,0.001333,8,0,3
30,12,-0.201172,5,0,4
30,16,0.085333,2,0,1
30,14,0.000000,6,0,3
30,14,0.105652,7,0,2
30,11,-0.062500,2,0,2
30,12,0.375000,1,0,1
30,10,0.101562,4,0,3
30,13,-0.016113,5,0,3
30,14,0.306702,8,0,2
30,11,0.000000,8,0,4
30,12,0.040039,2,0,5
30,13,0.000000,2,0,4
30,12,0.096191,5,0,4
30,12,0.500000,0,0,1
30,15,0.224667,1,0,2
30,12,-0.043701,7,0,2
30,15,0.090000,5,0,1
30,15,-0.226000,6,0,5
30,16,-0.370667,3,0,5
30,17,0.090667,9,0,3
30,14,0.039062,6,0,5
30,9,0.085938,2,0,3
30,14,0.344238,1,0,2
30,13,-0.284180,6,1,2
30,13,-0.337646,2,0,3
30,9,0.125000,1,0,4
30,10,0.000000,6,0,3
30,15,0.087333,6,0,2
30,9,0.175781,3,0,5
30,12,0.000000,5,0,5
30,12,0.250000,6,0,3
30,15,0.005333,7,0,5
30,13,-0.200317,7,1,3
30,14,-0.253906,5,1,3
30,10,0.292969,9,0,3
30,15,0.020000,7,0,2
30,11,-0.027344,6,0,3
30,13,-0.216064,3,0,5
30,14,-0.083008,7,0,3
30,12,0.193604,1,0,1
30,11,-0.187500,2,0,2
30,12,0.062012,5,0,2
30,13,0.115112,4,0,4
30,12,0.500000,2,0,7
30,11,0.105469,6,0,4
30,15,0.056000,4,0,4
30,10,-0.023438,6,0,2
30,14,0.414062,1,0,4
30,13,-0.029663,4,0,4
30,12,-0.173828,5,0,5
30,12,0.079590,4,0,2
30,17,0.018000,11,0,3
30,15,-0.136667,10,0,1
30,16,0.019333,12,0,2
30,16,-0.161333,2,0,2
30,16,-0.108667,7,0,2
30,12,-0.058594,8,0,2
30,15,0.132667,8,0,1
30,16,-0.168000,2,0,3
30,13,0.206543,9,0,2
30,18,0.063333,4,0,2
30,12,0.035645,4,0,1
30,12,0.024658,7,0,3
30,17,0.117333,5,0,2
30,15,-0.005333,3,0,4
30,9,0.304688,3,0,2
30,8,0.406250,2,0,3
30,11,-0.062500,7,0,2
30,9,-0.312500,3,0,4
30,11,-0.019531,8,0,3
30,13,0.500000,0,0,5
30,11,0.449707,1,0,1
30,15,-0.015333,4,0,3
30,13,-0.111328,5,0,3
30,13,0.015625,7,0,3
30,11,0.062500,3,0,2
30,13,0.088867,4,0,2
30,13,-0.121216,5,0,4
30,11,0.089844,7,0,4
30,15,0.072667,7,0,3
30,14,0.182617,8,0,4
30,12,-0.020020,8,0,4
30,14,-0.199219,4,0,2
30,13,0.080078,2,0,3
30,11,0.214844,4,0,4
30,12,0.105957,5,0,4
30,18,0.011333,9,0,5
30,12,-0.043945,9,0,4
30,12,-0.277344,3,0,3
30,12,0.195801,6,0,2
30,14,-0.105347,6,0,1
30,12,0.033447,3,0,2
30,10,0.333984,1,0,1
30,10,0.000000,2,0,3
30,11,0.125000,2,0,1
30,11,-0.083496,4,0,2
30,8,0.250000,5,0,4
30,12,-0.067383,3,0,2
30,12,0.500000,0,0,3
30,10,0.222656,6,0,3
30,10,-0.166992,5,0,2
30,12,-0.009277,3,0,6
30,16,0.231333,5,0,4
30,11,-0.070312,7,0,3
30,9,0.019531,5,0,1
30,9,-0.007812,3,0,3
30,11,0.000000,5,0,2
30,11,0.284668,5,0,1
30,11,0.303711,7,0,4
30,12,-0.137695,4,0,4
30,12,-0.163086,4,0,1
30,11,0.500000,0,0,2
30,12,-0.179688,6,0,2
30,15,-0.078000,6,0,3
30,15,-0.256000,8,0,4
30,16,0.159333,6,0,4
30,11,-0.375000,1,0,3
30,9,0.500000,1,0,2
30,15,-0.183333,2,0,6
30,10,0.000000,5,0,3
30,12,0.000000,1,0,2
30,13,0.000000,5,0,4
30,12,-0.017578,4,0,5
30,12,0.104492,2,0,1
30,11,-0.250000,2,0,4
30,14,-0.134766,3,0,3
30,17,-0.008667,4,0,2
30,12,0.000000,1,1,3
30,12,-0.197754,7,1,3
30,14,-0.114014,10,0,2
30,16,-0.154000,2,0,4
30,14,0.500000,0,0,4
30,10,-0.167969,5,0,2
30,12,0.000000,9,0,3
30,13,0.187500,7,0,3
30,11,0.250000,1,0,3
30,12,-0.004883,4,0,3
30,12,-0.057129,4,0,2
30,13,-0.140625,8,0,1
30,12,0.000000,5,0,2
30,9,0.250000,4,0,5
30,11,0.218750,6,0,4
30,11,-0.109863,6,0,3
30,13,-0.010986,5,0,6
30,15,-0.018000,6,0,2
30,12,-0.006592,8,0,3
30,11,0.259766,2,0,3
30,13,-0.010376,4,0,3
30,14,0.212036,5,0,2
30,16,0.292667,5,0,3
30,14,-0.250000,5,0,5
30,11,0.329102,1,0,4
30,14,0.500000,0,0,2
30,16,-0.080667,8,0,2
30,13,0.250000,2,0,4
30,12,0.139648,5,0,3
30,17,0.500000,0,0,3
30,13,0.080444,7,0,2
30,14,0.173828,4,0,3
30,16,0.287333,6,0,2
30,14,-0.034668,3,0,5
30,10,-0.011719,2,0,3
30,14,0.067200,10,0,2
30,12,0.019287,7,0,3
30,13,-0.080322,4,0,3
30,15,-0.032000,6,0,3
30,13,0.326660,4,0,3
30,13,0.500000,0,0,4
30,10,0.500000,6,0,3
30,11,-0.500000,5,0,6
30,14,0.072998,7,0,3
30,16,-0.020000,11,0,2
30,16,0.246667,7,0,4
30,17,-0.184667,15,0,2
30,11,-0.009766,5,0,1
30,11,-0.132812,5,0,3
30,9,-0.171875,1,0,3
30,12,-0.100830,5,0,1
30,12,0.109375,3,0,2
30,13,0.146118,2,0,3
30,13,-0.067383,3,0,2
30,13,0.021484,3,0,4
30,15,-0.078000,4,0,6
30,11,-0.197266,2,0,2
30,12,-0.500000,5,0,3
30,14,-0.102051,5,0,2
30,12,0.001465,5,0,4
30,12,0.312500,5,0,3
30,15,-0.152000,4,0,5
30,14,-0.112793,7,0,3
30,15,0.164000,3,0,3
30,13,-0.026123,5,0,2
30,11,0.000000,3,0,4
30,15,0.048000,8,0,3
30,15,-0.046667,7,0,1
30,16,0.017333,10,0,1
30,13,-0.221191,5,0,6
30,15,0.000667,7,0,3
30,13,0.057617,3,0,4
30,14,0.088135,3,0,3
30,13,-0.002441,3,0,3
30,11,-0.250000,4,0,3
30,13,0.279297,4,0,4
30,13,0.298340,7,0,1
30,14,0.094849,7,0,3
30,14,-0.046631,6,0,3
30,11,-0.127441,2,0,3
30,15,0.002000,9,0,3
30,12,0.250000,7,0,4
30,11,0.312500,1,0,3
30,15,0.500000,10,0,2
30,14,0.119141,3,0,3
30,13,0.021973,4,0,3
30,12,0.193359,7,0,3
30,14,-0.500000,7,0,5
30,16,-0.028667,6,0,4
30,10,-0.074219,5,0,3
30,11,0.078613,2,0,1
30,11,0.394531,4,0,3
30,15,0.013333,3,0,4
30,9,-0.281250,6,0,2
30,12,0.251465,4,0,2
30,13,-0.062500,8,0,3
30,14,0.012695,6,0,1
30,14,-0.176453,2,0,5
30,13,0.043823,8,0,2
30,11,-0.037109,6,0,3
30,11,0.040039,6,0,4
30,14,-0.083435,6,0,1
30,14,0.023926,9,0,2
30,12,-0.131348,6,0,1
30,14,0.197144,4,0,3
30,11,-0.111328,10,0,5
30,11,0.318359,2,0,2
30,13,-0.069336,2,0,3
30,14,0.266602,5,0,5
30,16,0.398000,1,0,3
30,11,0.187500,2,0,3
30,17,-0.138667,9,0,2
30,14,0.500000,3,0,3
30,14,0.069336,4,0,2
30,11,0.064453,6,0,3
30,13,0.053223,3,0,1
30,12,0.125000,5,0,5
30,11,0.210938,7,0,3
30,15,0.074000,5,0,5
30,10,-0.210938,6,0,1
30,13,-0.062500,5,0,4
30,13,0.250732,9,0,3
30,15,0.500000,7,0,5
30,13,0.500000,10,0,4
30,17,-0.136000,2,0,4
30,16,0.500000,0,0,3
30,16,0.065333,3,0,2
30,12,0.004395,6,0,3
30,13,-0.065918,4,0,2
30,12,0.115234,7,0,3
30,14,0.016663,3,0,4
30,11,0.337891,2,0,4
30,12,-0.085938,6,0,2
30,9,0.031250,3,0,4
30,12,0.226562,11,0,3
30,14,0.139893,1,0,1
30,14,-0.324219,6,0,4
30,11,0.106445,4,0,3
30,12,-0.254883,3,1,2
30,16,0.500000,9,0,3
30,11,0.000000,8,0,5
30,15,0.284667,6,0,2
30,13,0.057739,5,0,1
30,15,-0.233333,9,0,3
30,16,-0.010000,10,0,2
30,10,0.288086,4,0,3
30,9,-0.222656,3,0,2
30,13,0.097656,5,0,2
30,12,-0.054443,7,0,3
30,14,-0.186829,6,0,2
30,11,-0.044922,3,0,3
30,13,0.000000,5,0,5
30,16,-0.039333,6,0,3
30,13,-0.169922,2,0,4
30,11,-0.125000,5,0,3
30,13,-0.052490,7,0,1
30,12,0.309570,5,0,5
30,15,0.087333,7,0,4
30,13,0.500000,4,0,3
30,12,0.038574,9,0,2
30,14,0.500000,0,0,2
30,13,0.024414,3,0,2
30,14,0.500000,0,0,1
30,10,-0.238281,4,0,3
30,14,-0.272949,6,0,4
30,11,-0.084961,9,0,4
30,14,0.144531,8,0,3
30,11,0.241211,4,0,3
30,10,-0.250000,1,0,4
30,17,-0.350667,1,0,6
30,11,-0.056152,5,0,3
30,10,0.044922,4,0,2
30,15,-0.122000,10,0,3
30,12,0.105957,6,0,4
30,9,0.154297,3,0,2
30,12,0.179688,5,0,2
30,12,0.000000,2,0,6
30,11,-0.250000,4,1,4
30,14,-0.176758,3,0,3
30,10,-0.072266,7,0,3
30,13,0.074219,9,0,3
30,11,0.066406,4,0,4
30,13,-0.035645,5,0,2
30,11,0.500000,0,0,4
30,13,0.000000,7,0,4
30,14,0.500000,0,0,2
30,13,0.500000,0,0,6
30,13,-0.151367,3,0,5
30,16,-0.026000,6,0,3
30,18,-0.137333,8,0,5
30,12,0.299805,8,0,2
30,13,-0.260742,1,0,3
30,13,-0.068359,5,0,3
30,15,0.008667,9,0,2
30,14,0.066284,3,0,1
30,9,-0.066406,3,0,4
30,11,0.000000,4,0,2
30,13,0.500000,0,0,4
30,14,0.022461,10,0,2
30,13,0.208008,2,0,7
30,14,0.500000,0,0,4
30,10,-0.500000,6,0,3
30,16,-0.123333,9,0,4
30,13,0.316162,2,0,1
30,13,0.128418,2,0,2
30,12,0.025391,4,0,2
30,15,0.500000,0,0,1
30,10,-0.125000,3,0,4
30,15,-0.122667,8,0,3
30,12,0.066406,4,0,4
30,14,0.106018,8,0,3
30,15,0.215333,5,0,4
30,14,0.500000,0,0,1
30,12,0.061279,6,0,2
30,14,-0.106384,4,0,2
30,11,0.062500,3,0,1
30,9,0.109375,7,0,2
30,10,0.250000,4,0,2
30,15,0.500000,0,0,4
30,13,0.003906,8,0,3
30,13,0.226074,6,0,2
30,15,-0.250000,1,0,2
30,13,-0.200928,7,0,3
30,13,0.016113,6,0,1
30,10,0.078125,6,0,4
30,13,0.500000,0,0,2
30,11,-0.500000,0,0,4
30,14,0.500000,0,0,2
30,14,0.500000,0,0,3
30,12,-0.107422,5,0,3
30,10,0.500000,7,0,2
30,12,-0.500000,0,0,3
30,14,0.500000,0,0,1
30,15,0.027333,1,0,5
30,14,-0.239746,6,0,3
30,10,0.250000,3,0,3
30,12,0.293945,1,0,4
30,11,0.250000,1,0,1
30,12,0.000000,4,0,4
30,13,0.087524,8,0,2
30,11,-0.242188,1,0,4
30,15,-0.050667,4,0,3
30,10,-0.106445,2,0,3
30,10,0.179688,6,0,4
30,13,-0.364258,10,0,5
30,13,0.125000,2,0,4
30,15,-0.500000,2,0,6
30,11,0.204102,3,0,2
30,10,-0.199219,3,0,5
30,15,0.023333,10,0,3
30,11,-0.117188,2,0,2
30,11,0.500000,0,0,7
30,12,-0.184570,4,1,4
30,12,-0.173828,6,0,3
30,14,0.250000,6,0,3
30,15,-0.158667,3,0,6
30,15,-0.032667,6,0,1
30,10,0.031250,3,0,4
30,14,-0.055664,4,0,3
30,15,0.303333,1,0,6
30,15,-0.196667,6,0,4
30,15,0.021333,7,0,3
30,14,0.000000,7,0,3
30,11,0.140137,5,0,3
30,11,-0.197266,5,0,2
30,9,-0.500000,5,0,5
30,9,-0.156250,3,0,3
30,13,-0.327026,1,0,3
30,10,-0.242188,5,0,3
30,11,-0.033203,4,0,3
30,14,0.017822,4,0,1
30,16,-0.252667,6,0,4
30,13,-0.178589,5,0,4
30,14,0.078369,10,0,2
30,14,0.000000,7,0,1
30,13,0.500000,7,0,3
30,14,-0.031738,2,0,3
30,14,0.052734,6,0,3
30,16,0.018000,10,0,3
30,14,0.184082,5,0,3
30,12,0.166504,7,0,3
30,13,-0.066406,3,0,2
30,15,-0.500000,0,0,3
30,11,0.039062,3,0,2
30,15,-0.083333,4,0,2
30,14,0.207275,7,0,1
30,11,0.152344,3,0,2
30,12,-0.074219,5,0,2
30,11,-0.240234,5,0,3
30,13,0.052734,5,0,5
30,14,-0.176025,8,0,6
30,13,-0.006470,4,0,1
30,11,-0.046875,6,0,4
30,10,0.125000,7,0,5
30,11,-0.031250,5,0,1
30,13,-0.254150,8,0,3
30,17,-0.075333,8,0,1
30,14,-0.113403,2,0,4
30,14,0.016235,4,0,1
30,11,-0.041016,2,0,2
30,15,-0.013333,7,0,4
30,15,0.500000,0,0,3
30,11,-0.031250,4,0,2
30,14,0.004028,4,0,2
30,12,-0.291992,1,0,6
30,11,-0.124023,5,0,5
30,10,0.019531,5,0,2
30,11,-0.294922,5,1,2
30,13,0.296875,9,0,5
30,12,-0.069336,8,0,4
30,11,-0.157227,4,0,2
30,10,-0.308594,3,0,5
30,14,0.064331,5,0,4
30,14,-0.421875,10,1,2
30,11,-0.177734,2,0,3
30,16,0.024000,4,0,3
30,14,-0.144104,3,0,4
30,9,0.000000,5,1,2
30,11,-0.072266,3,0,2
30,17,0.500000,5,0,4
30,16,-0.049333,7,0,2
30,16,0.055333,3,0,2
30,11,0.033203,2,0,2
30,12,-0.132812,8,0,4
30,11,0.500000,0,0,4
30,18,0.213333,1,0,1
30,20,0.009333,6,0,5
30,16,0.500000,0,0,2
30,14,-0.248108,1,0,2
30,14,-0.095825,6,0,1
30,13,0.098999,6,0,2
30,12,0.000000,6,0,3
30,11,0.000000,6,0,2
30,13,0.263428,4,0,4
30,13,0.091797,5,0,3
30,13,0.255859,6,0,3
30,14,0.068359,7,0,4
30,13,0.000000,2,0,2
30,15,0.134667,5,0,2
30,15,-0.005333,10,0,2
30,14,-0.035217,7,0,2
30,13,-0.076416,2,0,3
30,11,0.125000,7,0,4
30,10,0.070312,4,0,2
30,13,-0.079102,4,0,5
30,14,0.078247,3,0,2
30,12,0.500000,0,0,1
30,11,-0.162109,4,1,1
30,16,0.012000,7,0,5
30,13,-0.038086,3,0,3
30,10,0.382812,1,0,3
30,11,-0.073242,2,0,2
30,8,0.500000,3,0,2
30,15,0.191333,4,0,4
30,12,-0.000488,6,0,1
30,12,0.023193,2,0,2
30,13,0.323730,2,0,3
30,15,-0.057333,9,0,1
30,11,0.022949,4,0,2
30,16,0.191333,7,0,3
30,13,-0.086304,3,0,3
30,11,0.500000,0,0,3
30,16,-0.010000,9,0,4
30,15,-0.088667,7,0,2
30,13,-0.076660,6,0,3
30,11,0.500000,4,0,3
30,12,0.078613,5,0,4
30,15,-0.097333,2,0,4
30,13,0.027832,6,0,3
30,11,0.328125,6,0,4
30,13,0.110596,5,0,2
30,16,0.014000,5,0,6
30,14,-0.089478,5,0,2
30,9,-0.500000,0,0,5
30,13,0.086304,6,0,2
30,12,0.062500,3,0,4
30,14,-0.396362,7,2,1
30,10,0.000000,2,0,1
30,15,0.306667,8,0,3
30,15,-0.030667,8,0,2
30,15,-0.082000,11,0,4
30,15,-0.025333,4,0,2
30,11,0.500000,0,0,1
30,14,-0.031433,6,0,5
30,15,-0.050000,7,0,4
30,15,-0.117333,5,0,3
30,10,0.000000,5,0,2
30,10,0.078125,8,0,3
30,15,0.032667,3,0,1
30,14,-0.426270,5,2,2
30,16,0.043333,9,0,3
30,11,0.074219,7,0,3
30,9,0.187500,3,0,2
30,11,0.282227,8,0,3
30,17,0.131333,9,0,2
30,14,-0.148132,5,0,4
30,11,0.216797,6,0,2
30,12,0.000000,4,0,1
30,13,0.125122,9,0,4
30,13,0.000000,6,0,1
30,14,-0.266968,6,0,4
30,13,0.041992,10,0,2
30,13,-0.076660,4,0,4
30,12,0.500000,0,0,1
30,16,0.051333,8,0,3
30,18,0.061333,5,0,2
30,10,0.000000,1,0,4
30,9,-0.189453,4,0,3
30,9,0.000000,7,0,3
30,10,0.190430,5,0,4
30,12,-0.107910,4,0,2
30,13,-0.139038,5,0,2
30,14,-0.158813,7,0,4
30,15,-0.004667,7,0,2
30,12,-0.010742,7,0,2
30,10,0.222656,2,0,2
30,13,0.085693,7,0,2
30,11,0.007812,4,0,2
30,14,0.468384,1,0,5
30,12,-0.171875,4,0,2
30,12,-0.054688,5,0,1
30,16,0.059333,7,0,1
30,10,0.015625,4,0,2
30,11,-0.015137,4,0,3
30,12,0.500000,0,0,4
30,10,0.125000,6,0,4
30,16,0.190667,3,0,2
30,9,0.062500,2,0,3
30,15,-0.209333,8,0,2
30,8,-0.250000,7,0,3
30,15,0.387333,5,0,3
30,15,0.022000,5,0,4
30,10,0.500000,3,0,4
30,14,-0.500000,0,0,6
30,12,0.089844,7,0,3
30,16,-0.002000,2,0,4
30,11,0.000000,5,0,2
30,12,0.500000,4,0,3
30,11,0.195312,8,0,3
30,14,-0.147339,3,0,5
30,13,0.235352,7,0,4
30,12,0.100586,4,0,3
30,11,0.500000,0,0,2
30,11,0.125000,5,0,4
30,13,-0.038574,8,0,2
30,15,0.500000,0,0,1
30,10,-0.398438,1,0,4
30,14,0.018066,4,0,3
30,11,0.044922,6,0,2
30,12,-0.004395,8,0,1
30,14,0.005615,3,0,2
30,14,-0.038574,8,0,2
30,16,-0.371333,1,0,5
30,10,-0.103516,7,0,2
30,14,0.077759,5,0,2
30,11,-0.296875,5,0,4
30,13,-0.248413,6,0,2
30,9,0.375000,1,0,5
30,11,0.000000,1,0,3
30,11,-0.228516,3,0,4
30,12,-0.263428,5,0,4
30,15,-0.014667,10,0,1
30,13,-0.052490,9,0,4
30,11,0.250000,3,0,3
30,11,-0.172363,5,0,3
30,12,0.267090,7,0,2
30,13,0.031250,5,0,3
30,11,0.132812,4,0,2
30,10,-0.248047,6,0,3
30,13,0.131592,5,0,1
30,12,0.058105,3,0,3
30,13,0.500000,0,0,3
30,16,0.027333,7,0,3
30,17,0.051333,6,0,3
30,15,0.304667,10,0,3
30,13,0.000000,5,0,4
30,18,0.026000,9,0,5
30,14,-0.312500,3,0,8
30,11,0.018066,7,0,3
30,11,0.046875,5,0,2
30,12,-0.126465,5,0,4
30,16,-0.177333,11,0,3
30,16,-0.260000,4,0,6
30,13,0.000000,5,0,4
30,14,-0.003662,11,0,2
30,16,-0.047333,9,0,3
30,12,0.056641,5,0,1
30,11,0.027344,4,0,3
30,14,0.008057,8,0,2
30,9,0.085938,2,0,3
30,13,-0.201660,8,0,3
30,11,0.500000,7,0,2
30,13,0.142578,5,0,2
30,16,0.278667,5,0,3
30,16,0.062667,5,0,1
30,15,0.103333,10,0,2
30,10,0.212891,2,0,2
30,12,0.000000,4,0,4
30,15,0.142000,7,0,3
30,15,0.006667,10,0,2
30,12,0.250000,1,0,4
30,13,-0.022339,5,0,2
30,10,-0.023438,4,0,4
30,14,0.120483,6,0,3
30,15,0.029333,9,0,3
30,12,0.000000,3,0,2
30,13,-0.140381,8,0,2
30,13,0.192871,1,0,4
30,9,-0.500000,1,0,3
30,13,0.245605,1,0,3
30,14,-0.130859,5,0,4
30,14,0.018250,7,0,2
30,13,-0.000610,8,0,3
30,12,0.500000,0,0,2
30,8,-0.031250,5,0,2
30,13,-0.500000,0,0,6
30,13,0.111938,5,0,3
30,13,-0.140625,5,0,4
30,13,-0.100464,4,0,5
30,12,0.117432,2,0,1
30,12,-0.073242,6,0,2
30,16,-0.148000,4,0,3
30,10,0.259766,4,0,2
30,13,0.500000,0,0,5
30,11,-0.125000,3,0,6
30,15,-0.160000,6,0,3
30,13,-0.041992,8,0,1
30,15,0.500000,0,0,2
30,12,0.500000,0,0,4
30,14,0.000000,5,0,3
30,14,0.000000,5,0,4
30,14,-0.350586,4,0,4
30,13,0.038574,6,0,3
30,13,-0.140625,4,0,3
30,11,0.500000,0,0,3
30,13,-0.250000,1,0,4
30,11,0.500000,3,0,3
30,12,-0.350586,7,0,2
30,13,0.000000,6,0,3
30,13,0.173340,2,0,4
30,13,0.013184,3,0,2
30,12,0.079102,3,0,3
30,13,0.089111,9,0,4
30,11,0.287109,1,0,5
30,14,-0.170654,5,0,3
30,14,0.288330,3,0,3
30,14,0.500000,9,0,5
30,15,0.328667,1,0,1
30,12,0.500000,4,0,6
30,13,0.250000,5,0,6
30,11,0.207031,7,0,5
30,12,-0.033203,4,0,2
30,17,-0.269333,1,0,3
30,13,0.288574,5,0,4
30,15,-0.163333,5,0,1
30,13,0.193115,1,0,4
30,13,0.500000,0,0,2
30,12,-0.114502,3,0,2
30,14,0.435425,5,0,4
30,13,0.023926,7,0,2
30,17,-0.004667,7,0,3
30,18,0.114667,11,0,4
30,13,0.102295,6,0,6
30,16,-0.246667,8,0,5
30,14,-0.250000,8,0,5
30,14,0.144958,4,0,2
30,12,-0.136719,5,0,3
30,10,0.023438,7,0,1
30,14,-0.277710,10,1,3
30,11,0.089844,3,0,2
30,14,-0.208984,8,1,3
30,13,-0.500000,0,0,3
30,16,-0.004000,1,0,3
30,17,-0.154000,2,0,5
30,12,0.084961,3,0,4
30,11,-0.182617,5,0,3
30,13,-0.171875,5,0,2
30,14,-0.039062,7,0,2
30,12,-0.004883,2,0,5
30,13,-0.125000,1,0,5
30,8,0.500000,0,0,2
30,12,0.142090,5,0,2
30,11,0.000000,6,0,3
30,14,-0.101318,9,0,3
30,12,-0.219727,3,1,1
30,14,-0.008850,7,0,3
30,14,0.013428,6,0,2
30,13,0.000000,7,0,5
30,15,0.500000,6,0,4
30,11,-0.500000,4,0,8
30,13,-0.184937,10,0,3
30,13,-0.500000,4,0,5
30,11,0.240723,4,0,4
30,10,-0.281250,4,0,3
30,14,0.003662,5,0,3
30,12,0.500000,7,0,2
30,14,0.500000,0,0,3
30,15,-0.012000,8,0,2
30,13,-0.156250,5,0,4
30,14,0.138306,7,0,4
30,13,-0.297363,4,0,2
30,15,-0.150667,7,0,1
30,15,-0.028000,5,0,1
30,18,0.136000,2,0,2
30,13,0.064453,5,0,4
30,13,0.124023,1,0,3
30,12,-0.100098,8,0,3
30,13,-0.250000,4,1,1
30,13,0.002686,2,0,3
30,14,-0.057129,4,0,4
30,15,-0.232667,6,0,4
30,13,-0.072754,3,0,4
30,16,0.021333,5,0,2
30,11,0.082031,3,0,4
30,13,-0.084473,7,0,3
30,14,0.500000,6,0,4
30,16,-0.138000,2,0,3
30,14,0.077637,6,0,6
30,15,0.006000,3,0,4
30,14,0.396973,2,0,5
30,11,-0.500000,10,0,3
30,10,-0.148438,7,0,3
30,15,0.168000,5,0,2
30,13,-0.042236,3,0,5
30,13,0.271240,7,0,2
30,13,-0.067139,4,0,4
30,12,0.144287,6,0,2
30,18,0.500000,0,0,2
30,11,0.250000,1,0,3
30,15,-0.500000,0,0,3
30,11,0.228516,5,0,5
30,8,-0.296875,2,0,5
30,11,0.000000,2,0,6
30,12,0.183594,6,0,4
30,10,0.500000,0,0,2
30,14,0.000000,6,0,4
30,10,-0.216797,7,0,4
30,13,0.000000,1,1,1
30,12,-0.089844,5,0,1
30,13,0.052734,9,0,2
30,10,0.000000,3,0,1
30,13,0.030884,5,0,2
30,10,0.309570,5,0,3
30,12,0.238525,2,0,3
30,12,0.043213,3,0,1
30,13,0.134888,2,0,2
30,14,0.500000,0,0,1
30,11,0.062012,5,0,2
30,11,-0.218750,1,0,2
30,14,0.062744,4,0,2
30,13,-0.085205,4,0,3
30,11,0.500000,0,0,3
30,16,0.020667,4,0,4
30,11,-0.164062,5,0,2
30,14,0.003357,9,0,2
30,15,-0.178667,1,0,4
30,12,0.179688,7,0,3
30,9,0.085938,4,0,1
30,11,0.052734,6,0,4
30,13,-0.358643,6,0,3
30,12,-0.168945,2,0,6
30,13,-0.500000,7,0,4
30,9,0.054688,2,0,1
30,14,-0.015137,4,0,3
30,13,0.000000,1,0,4
30,14,0.052856,8,0,2
30,14,-0.170898,10,0,1
30,9,0.101562,3,0,1
30,10,0.054688,4,0,2
30,15,-0.008000,7,0,2
30,13,0.068848,8,0,3
30,12,0.250000,1,0,2
30,13,0.103638,9,0,2
30,16,0.015333,6,0,4
30,15,-0.082667,4,0,4
30,12,-0.118164,4,0,5
30,15,-0.015333,7,0,4
30,15,0.000667,6,0,2
30,13,0.250000,1,0,1
30,14,-0.211670,1,0,3
30,11,0.115234,2,0,3
30,14,0.002930,3,0,2
30,10,0.000000,5,0,3
30,12,0.106934,4,0,6
30,10,-0.023438,2,0,3
30,13,0.015625,4,0,4
30,15,-0.004000,7,0,3
30,13,0.500000,0,0,4
30,14,-0.168945,5,0,4
30,15,0.191333,8,0,4
30,12,-0.041504,7,0,2
30,14,-0.078491,4,0,3
30,15,0.015333,3,0,2
30,14,-0.250000,1,0,6
30,14,-0.184692,3,0,2
30,11,0.269531,3,0,4
30,12,0.058105,3,0,5
30,14,0.000000,2,0,2
30,16,0.120000,3,0,6
30,14,-0.214355,5,0,3
30,15,-0.312667,9,0,2
30,13,-0.000366,7,0,2
30,15,0.500000,0,0,4
30,13,-0.327393,6,0,4
30,12,0.219238,1,0,2
30,11,0.046875,6,0,3
30,14,-0.500000,0,0,6
30,13,-0.190430,4,0,3
30,9,-0.500000,5,0,3
30,11,0.500000,0,0,2
30,17,-0.188667,3,0,2
30,12,-0.045166,6,0,3
30,12,0.500000,2,0,2
30,18,-0.080667,8,0,4
30,15,-0.066000,8,0,3
30,12,-0.100586,3,0,3
30,13,0.152100,1,0,3
30,10,0.207031,6,0,2
30,12,-0.253906,3,0,7
30,14,0.283203,1,0,4
30,13,-0.500000,0,0,2
30,16,-0.152667,5,0,3
30,15,0.032000,3,0,1
30,15,0.500000,4,0,3
30,12,0.023926,2,0,1
30,13,0.162964,3,0,2
30,16,0.173333,5,0,3
30,12,0.073242,8,0,2
30,9,0.365234,4,0,2
30,14,-0.072754,3,0,4
30,14,0.121094,8,0,3
30,14,0.171875,5,0,2
30,11,-0.269531,4,1,2
30,15,0.066000,5,0,2
30,14,-0.194336,2,0,5
30,16,-0.500000,0,0,4
30,16,-0.174667,1,0,4
30,10,-0.152344,5,0,4
30,14,0.008301,5,0,2
30,14,-0.148438,3,0,4
30,10,0.014648,5,0,1
30,12,0.035645,3,0,3
30,12,-0.057129,3,0,4
30,16,-0.019333,11,0,2
30,13,0.103027,6,0,3
30,10,0.023438,3,0,2
30,14,-0.250000,8,0,3
30,15,0.074000,8,0,3
30,11,0.258301,1,0,2
30,13,-0.006104,11,0,3
30,13,-0.185669,5,0,4
30,16,-0.070667,10,0,3
30,9,0.343750,4,0,3
30,11,0.011230,3,0,3
30,14,0.042725,5,0,3
30,14,0.500000,0,0,4
30,12,-0.058105,4,0,5
30,15,-0.154000,5,0,2
30,13,-0.215820,4,0,2
30,11,0.000000,2,0,3
30,14,-0.500000,7,0,4
30,7,-0.031250,4,0,3
30,9,-0.007812,4,0,1
30,13,-0.500000,0,0,3
30,13,0.088135,2,0,3
30,14,0.500000,6,0,2
30,14,0.212891,5,0,4
30,14,0.067261,7,0,3
30,12,0.171875,1,0,2
30,13,-0.106567,7,0,3
30,14,0.092163,6,0,2
30,14,0.500000,2,0,6
30,12,0.009766,4,0,4
30,13,0.119141,3,0,1
30,16,0.136667,4,0,3
30,13,0.060303,9,0,1
30,11,0.018066,4,0,3
30,12,-0.500000,6,0,5
30,12,0.192383,4,0,2
30,14,0.049683,7,0,2
30,14,-0.000244,5,0,3
30,11,0.000000,9,0,3
30,13,-0.010742,7,0,3
30,11,0.249512,2,0,1
30,14,0.141602,7,0,3
30,13,0.100098,4,0,5
30,13,-0.083496,6,0,3
30,10,-0.500000,3,0,5
30,14,-0.058594,4,0,3
30,12,0.023193,8,0,3
30,9,-0.144531,2,0,4
30,11,-0.129883,3,0,2
30,15,0.002667,7,0,4
30,12,0.500000,0,0,7
30,9,0.000000,6,0,2
30,11,0.005859,4,0,4
30,15,0.138667,4,0,3
30,15,-0.048000,4,0,2
30,13,-0.101074,4,0,5
30,14,0.238647,7,0,1
30,17,-0.016667,6,0,4
30,10,-0.179688,5,0,3
30,13,-0.149902,2,0,4
30,11,0.000000,6,0,3
30,14,0.000000,9,0,3
30,16,-0.044000,10,0,1
30,17,0.148000,8,0,3
30,13,0.500000,2,0,3
30,13,-0.025024,5,0,3
30,14,0.022034,5,0,2
30,16,0.066000,9,0,3
30,15,-0.110000,4,0,3
30,12,0.208496,1,0,3
30,15,-0.246667,5,0,4
30,13,0.326172,2,0,3
30,11,0.108398,5,0,2
30,14,0.206299,5,0,3
30,16,0.056667,4,0,3
30,13,-0.042114,7,0,3
30,13,0.091553,6,0,6
30,15,-0.088667,8,0,3
30,15,-0.162000,7,0,1
30,12,0.037598,2,0,4
30,15,0.147333,6,0,2
30,14,0.271484,7,0,2
30,10,-0.125000,2,0,4
30,10,0.042969,3,0,4
30,14,-0.010193,4,0,3
30,10,-0.183594,4,0,2
30,14,-0.043213,3,0,4
30,13,-0.121094,2,0,3
30,11,0.065430,4,0,2
30,10,-0.117188,1,0,3
30,13,0.000000,5,0,6
30,13,-0.228516,4,0,4
30,14,-0.163574,4,0,3
30,9,-0.500000,1,0,4
30,14,0.500000,0,0,3
30,15,-0.230000,1,0,4
30,14,-0.054077,9,0,2
30,18,-0.002000,9,0,4
30,13,-0.500000,9,0,4
30,15,0.500000,0,0,1
30,12,-0.070312,4,0,4
30,14,-0.205200,9,0,2
30,12,0.257324,5,0,3
30,12,-0.030273,2,0,3
30,12,-0.105469,8,0,2
30,12,0.000000,4,0,2
30,12,-0.016113,5,0,1
30,11,0.053711,7,0,2
30,11,-0.111328,4,0,5
30,14,0.244324,7,0,4
30,11,0.187500,2,0,6
30,10,-0.024414,6,0,1
30,12,0.500000,0,0,3
30,10,-0.031250,3,0,2
30,11,0.215820,6,0,2
30,10,0.072266,3,0,2
30,13,0.259399,3,0,2
30,14,-0.096802,3,0,4
30,12,-0.156738,5,0,4
30,12,-0.042969,5,0,2
30,15,-0.253333,1,0,4
30,13,-0.125000,6,0,3
30,10,0.320312,2,0,6
30,16,-0.020667,2,0,4
30,12,-0.124023,5,0,4
30,16,0.004000,7,0,3
30,15,-0.004000,8,0,4
30,9,0.041016,5,0,3
30,17,-0.144000,4,0,3
30,15,-0.152667,9,0,4
30,11,-0.148438,8,0,3
30,13,0.000000,1,0,2
30,14,-0.113159,2,0,3
30,12,0.000000,3,0,3
30,13,0.500000,0,0,4
30,11,0.500000,4,0,3
30,15,-0.118667,7,0,4
30,10,0.500000,6,0,3
30,12,-0.242188,5,0,4
30,16,0.012000,6,1,4
30,11,0.187500,2,0,3
30,13,0.500000,7,0,2
30,13,-0.261230,7,0,4
30,11,-0.035156,6,0,5
30,14,0.500000,2,0,3
30,15,-0.213333,4,0,5
30,14,-0.252686,9,0,3
30,17,-0.000667,9,0,1
30,12,-0.375000,2,0,6
30,13,-0.005005,7,0,2
30,12,-0.066895,4,0,3
30,11,0.500000,6,0,3
30,17,-0.102667,7,0,2
30,12,0.301270,1,0,4
30,12,0.080078,4,0,3
30,13,0.000000,6,0,3
30,15,0.500000,2,0,2
30,13,0.191284,5,0,2
30,12,0.500000,8,0,3
30,14,0.109802,5,0,4
30,16,-0.073333,6,0,3
30,14,0.112671,5,0,6
30,16,-0.132667,4,0,4
30,13,0.000000,2,0,3
30,11,0.031250,3,0,3
30,13,-0.127930,6,1,2
30,11,0.163086,4,0,2
30,12,0.326172,1,0,3
30,11,-0.299805,3,0,2
30,8,-0.109375,4,0,3
30,13,0.000000,4,0,3
30,15,0.176000,4,0,6
30,13,0.375732,2,0,2
30,12,-0.500000,0,0,3
30,13,-0.048584,6,0,4
30,15,0.148000,3,0,7
30,11,-0.083984,2,0,3
30,15,-0.253333,2,0,4
30,14,0.172363,6,0,3
30,11,-0.033203,2,0,2
30,11,0.039062,3,0,2
30,10,0.070312,4,0,3
30,8,-0.500000,0,0,4
30,14,-0.016235,3,0,5
30,15,-0.110667,4,0,4
30,14,-0.201172,5,0,4
30,14,-0.207031,6,0,4
30,11,0.228516,6,0,4
30,15,0.058000,9,0,3
30,10,0.074219,2,0,4
30,13,0.158203,5,0,2
30,15,0.008667,6,0,2
30,15,-0.500000,7,0,7
30,14,0.314453,4,0,3
30,15,0.140000,8,0,3
30,12,-0.024414,3,0,4
30,12,0.250000,2,0,3
30,13,-0.025391,5,0,2
30,8,0.023438,2,0,2
30,12,0.225586,4,0,2
30,15,-0.141333,5,0,2
30,15,-0.001333,6,0,2
30,10,0.077148,3,0,3
30,13,-0.215820,7,0,1
30,13,0.025757,5,0,3
30,13,0.500000,0,0,1
30,15,0.043333,8,0,4
30,13,0.000000,4,0,2
30,15,-0.013333,2,0,4
30,11,-0.306641,3,0,5
30,13,-0.091797,7,0,3
30,8,0.500000,8,0,2
30,12,0.137207,2,0,3
30,12,-0.107422,6,0,2
30,11,0.128906,9,0,2
30,12,0.500000,0,0,5
30,11,0.500000,3,0,5
30,12,-0.010498,5,0,3
30,15,0.000667,4,0,4
30,13,0.040039,8,0,2
30,16,-0.354000,6,0,4
30,14,0.259033,9,0,2
30,13,0.009033,3,0,3
30,12,0.107910,6,0,3
30,13,0.098145,8,0,1
30,12,-0.041016,2,0,5
30,14,0.341553,1,0,4
30,16,-0.092667,6,0,1
30,15,0.222667,1,0,2
30,12,0.500000,8,0,4
30,13,0.320923,9,0,4
30,12,-0.252197,3,0,2
30,12,0.211914,2,0,2
30,13,-0.308350,7,0,5
30,11,0.500000,0,0,2
30,12,-0.269043,7,0,2
30,14,-0.003052,7,0,5
30,17,-0.074667,4,0,2
30,16,0.137333,3,0,1
30,10,0.054688,5,0,3
30,11,-0.177246,7,0,3
30,13,0.170410,7,0,2
30,14,-0.060303,2,0,2
30,15,-0.100667,8,0,3
30,12,0.003906,4,0,1
30,11,0.050781,3,0,4
30,13,0.162476,6,0,3
30,13,0.170410,10,0,4
30,12,-0.031006,6,0,4
30,11,0.234375,6,0,3
30,11,0.500000,0,0,1
30,12,-0.081055,3,0,6
30,12,0.340332,1,0,5
30,12,-0.124023,5,0,4
30,8,0.000000,2,0,4
30,11,-0.066406,8,0,5
30,13,-0.160156,5,0,2
30,16,0.109333,10,0,4
30,10,0.500000,0,0,5
30,15,0.078667,1,0,3
30,15,0.269333,10,0,3
30,12,0.282471,5,0,1
30,15,-0.278000,7,0,3
30,12,0.151855,5,0,4
30,10,0.500000,0,0,4
30,10,0.228516,5,0,3
30,14,-0.125000,3,0,3
30,11,0.000000,3,0,6
30,14,0.337646,5,0,2
30,12,0.375000,8,0,1
30,15,0.041333,5,0,2
30,15,0.018000,10,0,3
30,13,-0.170654,1,0,2
30,15,0.226000,10,0,4
30,10,0.394531,1,0,5
30,12,-0.019531,2,1,3
30,11,-0.126953,7,0,2
30,11,-0.140625,6,1,4
30,12,-0.055664,2,0,3
30,9,-0.048828,4,0,3
30,13,0.272461,1,0,2
30,15,-0.212667,1,0,2
30,13,0.500000,0,0,2
30,9,-0.250000,2,0,5
30,11,0.112305,6,0,2
30,12,-0.262207,4,1,2
30,13,0.111328,6,0,2
30,16,-0.058000,11,0,2
30,13,0.062500,5,0,4
30,14,0.000000,5,0,4
30,11,0.000000,8,0,3
30,14,-0.242920,3,0,3
30,13,0.125977,10,0,3
30,17,-0.038667,6,0,3
30,14,0.093994,3,0,5
30,15,0.183333,4,0,5
30,12,-0.087891,4,0,3
30,16,0.080000,3,0,1
30,15,-0.086000,7,0,4
30,13,0.000000,2,0,1
30,14,0.000000,8,0,4
30,15,-0.341333,3,0,3
30,15,0.290667,1,0,2
30,12,-0.188232,5,0,3
30,15,0.500000,7,0,2
30,11,0.074219,2,0,3
30,13,0.124023,2,0,3
30,13,0.150269,5,0,2
30,13,0.092163,3,0,2
30,13,-0.107910,6,0,3
30,13,0.015625,12,0,2
30,14,-0.080566,10,0,1
30,17,0.041333,6,0,3
30,12,0.500000,0,0,3
30,13,-0.347656,1,0,3
30,13,-0.251953,3,0,3
30,10,-0.154297,2,0,4
30,11,0.000000,4,0,3
30,16,-0.039333,7,0,4
30,14,0.116516,7,0,3
30,12,-0.309570,6,0,2
30,16,0.049333,5,0,2
30,13,0.265625,1,0,1
30,15,-0.009333,7,0,5
30,11,0.500000,0,0,3
30,11,-0.093750,2,0,4
30,16,0.022000,7,0,3
30,9,-0.193359,6,0,4
30,14,0.162109,8,0,4
30,13,0.210205,3,0,2
30,14,0.053040,11,0,3
30,14,0.246216,1,0,2
30,11,0.033203,9,0,4
30,16,0.500000,0,0,3
30,17,0.500000,11,0,3
30,13,-0.016724,5,0,1
30,16,0.057333,9,0,4
30,13,0.049316,5,0,2
30,16,0.035333,9,0,4
30,12,0.015625,4,0,3
30,14,0.056396,2,0,1
30,11,-0.039062,6,0,4
30,15,-0.118667,6,0,2
30,14,0.500000,4,0,3
30,13,0.150879,7,0,3
30,14,0.081543,2,0,3
30,13,0.148438,7,0,4
30,10,-0.351562,2,0,7
30,16,-0.035333,5,0,2
30,12,0.000000,6,0,2
30,11,-0.065430,6,0,3
30,11,0.277832,1,0,3
30,15,0.348667,3,0,4
30,12,0.000977,9,0,5
30,13,0.054688,5,0,1
30,12,0.199219,3,0,3
30,11,0.000000,5,0,5
30,12,0.152344,5,0,2
30,14,0.212402,1,0,3
30,10,0.000000,5,0,4
30,15,-0.042667,7,0,2
30,15,0.500000,4,0,3
30,15,-0.076667,9,0,3
30,10,0.093750,3,0,2
30,10,-0.058594,2,0,3
30,16,0.097333,10,0,2
30,11,0.000000,1,1,1
30,11,0.185547,6,0,2
30,15,0.181333,9,0,4
30,16,0.223333,5,0,4
30,16,-0.247333,3,1,2
30,12,-0.007568,4,0,3
30,11,-0.113281,4,0,4
30,13,-0.053467,5,0,5
30,14,-0.034912,3,0,3
30,12,0.083740,7,0,2
30,12,-0.217773,8,0,4
30,12,0.000000,7,0,3
30,13,-0.500000,4,0,5
30,15,-0.154667,8,0,2
30,12,-0.500000,3,0,4
30,16,0.166667,7,0,2
30,13,-0.093750,1,0,3
30,12,-0.210938,4,0,3
30,13,-0.245605,8,0,2
30,13,-0.262207,7,0,3
30,12,-0.250000,4,0,4
30,12,0.500000,3,0,5
30,13,0.030762,3,0,2
30,13,0.500000,6,0,4
30,14,-0.052246,6,0,5
30,14,0.250000,7,0,4
30,11,-0.016602,5,0,1
30,14,0.037842,6,0,1
30,15,0.006000,3,0,1
30,13,0.042969,5,0,4
30,14,0.292297,5,0,3
30,11,-0.050781,7,0,2
30,11,-0.004395,3,0,3
30,14,0.108032,4,0,1
30,9,-0.085938,7,0,5
30,11,0.011719,3,0,3
30,13,-0.011963,8,0,2
30,16,-0.227333,11,1,3
30,15,0.030000,2,0,2
30,14,-0.187500,2,0,4
30,11,0.500000,0,0,4
30,12,0.046875,9,0,3
30,15,0.049333,4,0,2
30,15,-0.206000,3,1,1
30,16,-0.008667,13,0,5
30,12,0.064453,7,0,2
30,15,0.025333,2,0,2
30,12,-0.199463,2,0,2
30,14,0.051086,5,0,1
30,16,-0.312000,10,0,2
30,15,0.157333,4,0,2
30,14,-0.150635,7,0,6
30,15,0.042667,7,0,2
30,14,0.000000,10,0,2
30,16,-0.020000,5,0,4
30,14,-0.139893,2,0,4
30,14,0.001953,7,0,1
30,15,-0.104667,7,0,3
30,10,-0.050781,4,0,5
30,13,0.500000,1,0,4
30,8,-0.500000,4,0,5
30,11,0.340820,6,0,2
30,15,0.115333,7,0,3
30,13,-0.113281,4,0,2
30,13,0.125000,1,0,2
30,13,0.287598,9,0,3
30,11,0.500000,0,0,1
30,13,0.015625,6,0,3
30,15,-0.185333,5,0,5
30,14,0.081421,7,0,3
30,13,-0.142578,3,0,3
30,15,-0.007333,8,0,3
30,13,-0.134521,3,0,4
30,14,0.000000,7,0,3
30,13,0.181885,6,0,2
30,14,0.172607,8,0,2
30,13,-0.188477,4,1,2
30,11,0.500000,2,0,4
30,11,0.199707,5,0,1
30,12,0.114990,7,0,3
30,14,0.500000,0,0,2
30,11,0.500000,6,0,2
30,14,0.500000,6,0,2
30,10,-0.082031,3,0,6
30,14,0.500000,5,0,3
30,14,0.154175,5,0,2
30,13,-0.081543,3,0,3
30,10,-0.328125,4,0,3
30,11,0.015625,4,0,3
30,11,0.224609,2,0,4
30,14,-0.068359,6,0,3
30,13,-0.072998,7,0,1
30,14,0.044739,4,0,3
30,11,0.001953,7,0,3
30,12,-0.216797,6,0,4
30,12,0.500000,10,0,4
30,13,0.039062,8,0,2
30,12,0.500000,0,0,2
30,14,0.327759,6,0,1
30,11,-0.144531,6,0,1
30,13,0.500000,0,0,5
30,14,0.500000,0,0,2
30,15,-0.054000,7,0,2
30,11,-0.037598,3,0,2
30,14,-0.047913,6,0,3
30,10,0.500000,0,0,5
30,13,-0.125000,6,1,1
30,13,-0.295166,9,1,1
30,13,-0.221191,1,0,4
30,15,-0.060667,8,0,1
30,15,0.134667,9,0,2
30,13,-0.251221,4,0,3
30,12,0.003906,4,0,3
30,17,0.088667,7,0,3
30,14,0.149658,2,0,2
30,11,0.005859,8,0,2
30,13,0.122192,3,0,2
30,16,0.226000,1,0,2
30,14,0.500000,0,0,2
30,12,-0.085938,3,0,5
30,13,0.047852,5,0,2
30,11,0.025391,9,0,2
30,11,0.264648,4,0,3
30,13,0.155762,12,0,2
30,12,-0.037598,6,0,1
30,11,-0.236328,3,0,3
30,13,0.500000,0,0,2
30,13,-0.337036,6,1,3
30,13,-0.030029,7,0,2
30,12,-0.063477,6,0,2
30,13,-0.153809,8,0,2
30,17,-0.004000,10,0,3
30,12,-0.024902,7,0,4
30,15,-0.256000,1,0,5
30,14,0.070312,5,0,3
30,14,0.243896,6,0,3
30,14,-0.500000,3,0,4
30,12,-0.025391,4,0,2
30,13,0.091797,6,0,5
30,14,0.144409,5,0,4
30,14,0.113037,7,0,3
30,11,-0.226562,4,0,3
30,13,0.000000,2,0,3
30,15,-0.045333,3,0,4
30,16,0.311333,11,0,3
30,12,-0.127686,2,0,3
30,13,0.019897,5,0,3
30,8,-0.093750,3,0,2
30,13,0.096313,8,0,2
30,12,0.353516,2,0,3
30,14,-0.108398,4,0,5
30,13,0.500000,6,0,2
30,15,0.014000,6,0,3
30,15,-0.500000,0,0,4
30,12,-0.016846,6,0,2
30,14,0.055847,8,0,2
30,13,-0.400391,4,0,4
30,11,-0.291504,1,0,4
30,13,-0.149292,8,0,1
30,12,0.500000,0,0,4
30,11,0.221680,4,0,2
30,13,0.154663,7,0,3
30,10,0.000000,5,0,4
30,15,0.057333,9,0,2
30,11,0.168945,5,0,3
30,13,0.073242,9,0,4
30,13,-0.023438,7,0,4
30,12,0.013672,10,0,6
30,12,0.003906,8,0,3
30,13,-0.255737,1,0,5
30,11,0.318359,1,0,5
30,12,0.361328,6,0,4
30,11,-0.107422,5,0,4
30,10,0.195312,5,0,2
30,14,0.016907,9,0,4
30,13,-0.239746,6,1,2
30,13,0.044189,4,0,4
30,11,0.000000,3,0,3
30,14,-0.144775,7,0,2
30,12,0.078125,3,0,2
30,12,0.138672,3,0,3
30,11,-0.006348,5,0,4
30,13,0.500000,0,0,3
30,14,0.500000,0,0,3
30,14,0.000000,6,0,3
30,14,-0.012207,8,0,3
30,10,-0.070312,5,0,3
30,7,-0.250000,1,0,5
30,14,-0.158325,8,0,3
30,16,-0.028000,10,0,3
30,9,-0.146484,2,0,4
30,14,-0.118164,4,0,6
30,13,-0.182251,5,0,3
30,13,0.148682,7,0,3
30,13,0.180176,7,0,4
30,11,0.015625,3,0,2
30,15,-0.257333,9,0,4
30,10,0.072266,3,0,2
30,16,0.129333,5,0,3
30,14,0.500000,0,0,3
30,13,0.124512,7,0,4
30,14,0.282593,3,0,2
30,17,0.052667,5,0,3
30,12,0.076172,4,0,2
30,11,0.250000,6,0,2
30,15,-0.002000,5,0,3
30,10,-0.242188,4,0,4
30,9,0.125000,3,0,3
30,14,-0.102417,8,0,3
30,13,-0.213135,6,0,4
30,11,0.000000,1,0,7
30,12,0.263184,3,0,4
30,10,0.187500,2,0,2
30,12,0.081299,5,0,2
30,14,0.147705,7,0,3
30,14,0.500000,4,0,2
30,15,-0.008667,8,0,2
30,12,-0.012939,4,0,2
30,11,0.500000,0,0,4
30,13,-0.120361,2,0,4
30,14,-0.039551,11,0,2
30,12,-0.164062,1,0,5
30,15,0.064667,8,0,2
30,15,0.500000,0,0,3
30,13,-0.014038,8,0,1
30,13,-0.017822,4,0,3
30,14,-0.119141,3,0,5
30,10,-0.071289,6,0,1
30,15,0.158667,7,0,4
30,11,-0.250000,1,0,3
30,13,-0.243896,1,0,3
30,15,0.220000,9,0,3
30,14,0.079590,10,0,2
30,14,0.500000,3,0,2
30,15,0.144667,8,0,4
30,14,0.500000,0,0,2
30,13,-0.500000,0,0,5
30,16,-0.103333,8,0,2
30,10,0.054688,2,0,2
30,14,-0.056458,5,0,3
30,12,0.500000,4,0,4
30,14,0.500000,6,0,3
30,11,-0.151367,3,0,3
30,11,-0.234375,10,0,2
30,12,0.500000,0,0,1
30,13,-0.020752,5,0,5
30,12,0.000000,2,0,2
30,17,-0.086667,6,0,3
30,15,0.156000,8,0,3
30,14,-0.046875,6,0,4
30,15,0.021333,9,0,3
30,17,0.034667,4,0,3
30,15,0.500000,0,0,6
30,13,-0.099609,6,0,5
30,13,0.049805,5,0,2
30,13,0.125000,2,0,3
30,15,-0.010667,8,0,4
30,11,-0.062500,3,0,2
30,16,-0.160000,9,0,2
30,12,-0.250000,1,0,7
30,9,0.250000,5,0,1
30,12,-0.250000,3,0,3
30,13,0.157959,1,0,1
30,11,0.500000,0,0,3
30,9,0.500000,2,0,4
30,16,0.006667,8,0,3
30,10,0.160156,4,0,2
30,13,0.335938,8,0,3
30,14,0.338196,10,0,3
30,12,0.019043,6,0,2
30,16,0.022667,9,0,3
30,12,0.099609,3,0,2
30,11,0.126953,4,0,1
30,16,0.020667,6,0,3
30,13,0.129883,11,0,3
30,13,-0.019531,3,0,3
30,10,0.000000,7,0,2
30,13,0.204712,3,0,4
30,12,-0.072266,2,0,5
30,13,-0.110840,7,0,5
30,13,0.283203,1,0,4
30,18,-0.035333,9,0,3
30,10,0.500000,3,0,3
30,13,-0.500000,0,0,3
30,11,0.052734,4,0,5
30,13,-0.250000,1,0,5
30,10,-0.125000,2,0,3
30,14,-0.075928,6,0,4
30,15,-0.238000,1,0,4
30,13,-0.100830,5,0,4
30,14,0.009155,4,0,5
30,13,-0.101562,7,0,3
30,14,0.500000,0,0,4
30,18,0.041333,4,0,2
30,14,0.033936,8,0,3
30,17,0.105333,3,0,3
30,16,0.024667,11,0,2
30,8,-0.187500,4,0,2
30,14,0.500000,0,0,2
30,11,0.108398,3,0,5
30,12,0.044922,2,0,2
30,13,-0.027588,6,0,3
30,14,0.062134,3,0,3
30,12,-0.500000,7,0,4
30,13,-0.023071,3,0,4
30,13,0.074219,8,0,3
30,12,-0.083252,8,0,2
30,10,0.250000,7,0,2
30,12,0.156250,1,0,1
30,15,-0.003333,8,0,1
30,8,0.203125,4,0,2
30,15,0.132000,9,0,2
30,16,0.014000,7,0,3
30,13,0.000000,9,0,4
30,12,0.097656,6,0,2
30,11,-0.250000,1,0,4
30,12,-0.364746,1,0,4
30,9,0.000000,6,0,3
30,17,0.152667,2,0,2
30,10,-0.183594,2,0,3
30,8,0.117188,4,0,3
30,13,-0.028442,8,0,4
30,13,0.096191,2,0,2
30,10,-0.285156,5,0,5
30,12,0.500000,3,0,2
30,11,0.279297,8,0,2
30,13,-0.109863,9,0,3
30,14,0.087646,5,0,4
30,15,0.106000,2,0,4
30,10,0.000000,5,0,5
30,13,-0.014648,4,0,4
30,11,-0.117188,4,0,2
30,15,-0.144000,5,0,3
30,9,-0.039062,4,0,4
30,11,0.000000,5,0,2
30,12,0.018066,4,0,3
30,11,-0.090820,4,0,3
30,9,0.054688,2,0,1
30,13,-0.057617,2,0,3
30,11,-0.500000,0,0,5
30,12,0.218750,7,0,4
30,13,0.500000,6,0,3
30,13,0.250000,8,0,2
30,12,0.000000,5,0,2
30,11,-0.500000,0,0,4
30,16,0.017333,8,0,2
30,9,0.066406,7,0,4
30,15,-0.112000,8,0,1
30,12,0.020508,3,0,1
30,11,-0.095215,4,0,2
30,16,0.500000,8,0,2
30,11,0.250000,5,0,4
30,13,-0.141113,3,0,5
30,15,0.029333,7,0,4
30,14,-0.198486,6,0,2
30,11,-0.003906,5,0,2
30,12,0.268311,1,0,4
30,14,-0.029907,8,0,4
30,12,0.140625,6,0,4
30,12,-0.324219,2,0,3
30,13,0.244873,5,0,5
30,14,-0.244568,8,0,2
30,14,-0.047607,9,0,3
30,13,-0.143555,2,1,3
30,12,0.125977,3,0,2
30,12,0.500000,0,0,3
30,17,-0.197333,2,0,5
30,15,0.003333,2,0,2
30,15,-0.027333,7,0,3
30,13,0.138306,5,0,3
30,13,0.125488,5,0,3
30,16,-0.045333,4,0,3
30,13,-0.033203,3,0,3
30,14,0.000000,8,0,2
30,13,0.343994,3,0,2
30,11,-0.295898,4,0,2
30,13,0.205078,5,0,1
30,14,-0.092285,6,0,4
30,13,0.051758,6,0,4
30,14,0.500000,7,0,3
30,14,0.094238,4,0,2
30,11,0.500000,0,0,1
30,13,0.032471,3,0,4
30,14,-0.117065,3,0,4
30,12,0.121826,3,0,2
30,9,-0.207031,2,0,3
30,13,-0.063232,8,0,3
30,15,0.166000,5,0,5
30,12,0.248047,1,0,2
30,10,0.101562,4,0,2
30,16,-0.158000,2,0,4
30,9,0.083984,4,0,3
30,14,-0.128418,4,0,4
30,12,0.105469,3,0,2
30,14,0.017395,2,0,2
30,13,0.500000,0,0,6
30,13,-0.068726,4,0,2
30,13,-0.001709,9,0,1
30,13,0.103516,7,0,3
30,15,0.130667,12,0,3
30,13,0.370117,1,0,4
30,12,0.074463,6,0,2
30,13,-0.008667,3,0,2
30,13,-0.248047,4,0,3
30,13,0.022461,8,0,4
30,14,0.500000,4,0,2
30,15,0.013333,5,0,3
30,14,0.500000,0,0,2
30,16,0.011333,7,0,3
30,16,-0.017333,6,0,2
30,9,-0.109375,2,0,3
30,13,0.002686,5,0,5
30,13,0.118164,4,0,4
30,13,0.164185,7,0,3
30,11,0.068359,4,0,3
30,13,-0.016357,7,0,1
30,14,0.000000,7,0,6
30,11,-0.190430,1,0,2
30,12,0.025391,7,0,2
30,8,0.500000,1,0,3
30,11,0.000000,5,0,4
30,15,0.500000,2,0,3
30,12,0.078125,8,0,4
30,11,0.000000,1,0,2
30,13,0.000000,4,0,2
30,14,0.051147,8,0,3
30,15,-0.144000,2,0,4
30,13,-0.143066,7,0,2
30,13,0.402100,2,0,1
30,12,-0.047119,7,0,2
30,17,0.204000,5,0,4
30,12,0.500000,0,0,4
30,15,-0.035333,6,0,1
30,12,0.500000,4,0,4
30,13,-0.026855,8,0,3
30,11,-0.103516,5,0,3
30,13,0.500000,5,0,3
30,13,-0.070068,6,0,5
30,12,-0.078125,5,0,3
30,11,0.132812,4,0,3
30,11,-0.158203,5,0,2
30,13,0.500000,0,0,2
30,15,0.239333,6,0,5
30,11,0.079102,6,0,2
30,14,0.037842,9,0,3
30,16,-0.005333,4,0,3
30,11,-0.242188,1,0,6
30,14,0.500000,4,0,4
30,11,0.500000,0,0,3
30,13,0.051758,6,0,2
30,9,-0.500000,2,0,4
30,14,-0.007507,5,0,2
30,11,-0.109375,8,0,3
30,13,0.035400,4,0,2
30,14,-0.122681,6,1,3
30,13,0.000000,6,0,3
30,17,0.034667,10,0,3
30,14,0.216309,1,0,4
30,10,0.437500,1,0,4
30,13,-0.162598,7,0,1
30,11,0.125977,3,0,2
30,14,-0.250000,7,0,3
30,14,-0.018677,3,0,3
30,16,0.018667,9,0,2
30,10,0.000000,7,0,2
30,12,0.500000,0,0,3
30,13,0.150391,1,0,3
30,17,0.500000,7,0,3
30,13,-0.312256,1,0,4
30,10,0.500000,3,0,4
30,13,-0.250000,5,0,4
30,12,0.075928,6,0,5
30,13,-0.382812,4,2,1
30,16,-0.386667,1,0,4
30,12,-0.043945,3,0,3
30,13,-0.254883,6,0,5
30,12,0.066406,3,0,2
30,14,0.052979,5,0,2
30,11,0.062500,7,0,4
30,14,0.185425,7,0,2
30,11,0.191406,6,0,4
30,13,-0.093506,7,0,3
30,15,-0.057333,7,0,1
30,15,-0.156667,4,0,2
30,10,0.187500,1,0,2
30,14,0.000000,11,0,3
30,12,0.089355,2,0,2
30,13,-0.060913,3,0,4
30,11,0.500000,0,0,1
30,12,0.096191,8,0,3
30,10,0.250000,2,0,5
30,11,0.322266,5,0,1
30,10,-0.132812,2,0,3
30,13,-0.436523,1,0,3
30,11,0.500000,4,0,2
30,11,-0.125000,1,0,4
30,13,0.197021,1,0,2
30,16,-0.244000,7,0,6
30,10,-0.273438,1,0,4
30,14,0.500000,0,0,1
30,7,0.250000,1,0,2
30,13,-0.097656,2,1,1
30,12,0.088867,4,0,1
30,10,0.433594,2,0,5
30,12,0.250000,1,0,4
30,11,0.500000,5,0,2
30,15,-0.258000,7,0,2
30,12,0.000000,2,0,4
30,12,0.074219,4,0,3
30,12,-0.041016,6,0,3
30,11,0.228516,1,0,4
30,10,-0.218750,2,0,5
30,12,0.193359,5,0,3
30,12,-0.013672,2,0,3
30,11,-0.059570,3,0,2
30,14,-0.023193,8,0,3
30,14,0.268005,3,0,3
30,15,0.067333,9,0,3
30,8,0.500000,0,0,2
30,14,-0.064941,8,0,4
30,9,-0.500000,0,0,5
30,10,-0.056641,6,0,3
30,10,0.500000,0,0,2
30,10,0.216797,5,0,3
30,14,-0.286011,1,0,5
30,10,0.500000,4,0,6
30,14,0.002197,7,0,4
30,13,0.000000,3,0,4
30,12,0.043945,6,0,2
30,8,-0.164062,4,0,3
30,14,-0.250000,3,0,4
30,12,0.168945,3,0,5
30,13,-0.062500,2,0,4
30,17,0.074000,7,0,4
30,12,-0.019531,6,0,3
30,13,-0.031250,2,0,2
30,13,0.140625,2,0,3
30,13,0.191406,5,0,3
30,9,0.085938,2,0,1
30,11,-0.251953,3,0,7
30,13,-0.018799,5,0,3
30,12,0.500000,0,0,2
30,13,0.500000,0,0,5
30,12,0.293701,2,0,1
30,9,0.000000,3,0,2
30,11,0.317383,7,0,3
30,9,-0.283203,4,0,3
30,8,0.316406,3,0,2
30,15,-0.088000,2,0,4
30,14,0.000000,1,0,4
30,12,0.000000,10,0,2
30,14,-0.048218,8,0,3
30,14,0.006348,2,0,2
30,13,0.037598,7,0,2
30,14,-0.072021,5,0,2
30,15,0.002000,6,0,3
30,14,0.000000,6,0,3
30,11,0.083984,5,0,2
30,14,-0.192871,1,0,2
30,11,0.030273,6,0,2
30,15,0.232667,1,0,2
30,11,0.500000,0,0,2
30,8,-0.273438,8,0,3
30,15,0.500000,6,0,5
30,15,-0.083333,9,0,3
30,14,0.000000,6,0,4
30,12,0.500000,0,0,2
30,13,0.322510,1,0,5
30,11,0.250000,1,0,1
30,13,-0.184082,8,0,3
30,10,-0.006836,5,0,2
30,15,-0.111333,4,0,3
30,12,0.280762,7,0,3
30,14,0.500000,3,0,3
30,16,-0.092667,5,0,4
30,12,-0.500000,0,0,3
30,13,-0.046387,7,0,4
30,11,0.218750,2,0,4
30,13,0.055664,4,0,3
30,15,0.239333,4,0,2
30,17,0.011333,5,0,2
30,12,-0.009766,5,0,4
30,10,0.164062,5,0,5
30,10,-0.171875,3,0,4
30,14,0.069885,6,0,2
30,12,0.139160,9,0,3
30,10,-0.066406,4,0,2
30,13,0.190918,7,0,3
30,15,0.076667,6,0,1
30,11,0.178711,5,0,2
30,12,0.000000,5,0,3
30,9,0.238281,2,0,3
30,15,0.007333,4,0,1
30,14,0.250000,7,0,2
30,14,0.000000,7,0,4
30,14,0.000183,11,0,2
30,11,-0.195312,4,0,3
30,15,-0.202000,1,0,2
30,12,0.500000,1,0,5
30,14,0.015869,4,0,5
30,11,0.421875,4,0,2
30,17,-0.036667,10,0,3
30,14,-0.214844,8,0,5
30,10,0.148438,1,0,4
30,16,-0.025333,7,0,4
30,9,0.500000,7,0,3
30,13,-0.221924,2,0,5
30,12,0.500000,0,0,2
30,10,0.296875,5,0,2
30,13,0.500000,0,0,3
30,14,0.000000,7,0,4
30,10,0.109375,3,0,1
30,14,0.001221,3,0,3
30,8,-0.226562,3,0,4
30,11,-0.398438,1,0,6
30,16,0.038000,6,0,3
30,9,0.160156,4,0,4
30,14,-0.083130,5,0,4
30,8,-0.132812,4,0,3
30,8,0.000000,3,0,2
30,8,-0.250000,4,1,4
30,12,-0.013916,7,0,1
30,15,-0.108667,6,0,6
30,15,0.108000,7,0,2
30,14,-0.264893,3,0,6
30,16,-0.104000,6,0,3
30,12,0.500000,2,0,2
30,14,0.000000,1,0,2
30,10,0.500000,3,0,5
30,17,-0.034667,6,0,3
30,11,0.125000,3,0,3
30,12,-0.036621,5,0,3
30,16,0.015333,10,0,3
30,11,0.201172,3,0,5
30,10,0.000000,6,0,3
30,17,0.345333,1,0,4
30,14,0.000000,6,0,1
30,13,-0.084595,4,0,3
30,13,0.500000,2,0,3
30,18,-0.077333,10,0,4
30,16,0.500000,3,0,2
30,11,-0.267578,6,0,4
30,11,0.103516,7,0,2
30,9,0.250000,3,0,3
30,15,0.043333,5,0,3
30,13,0.500000,0,0,3
30,13,0.000000,1,0,3
30,17,-0.081333,6,0,4
30,13,0.072021,5,0,1
30,14,-0.500000,0,0,5
30,16,-0.014667,6,0,2
30,10,0.500000,0,0,5
30,16,-0.006000,7,0,4
30,12,-0.250000,5,0,3
30,10,0.046875,5,0,2
30,10,0.000000,3,0,2
30,13,-0.040527,3,0,3
30,6,0.250000,2,0,5
30,14,-0.500000,0,0,4
30,13,0.062744,4,0,2
30,15,-0.038000,8,0,5
30,13,0.092285,3,0,4
30,14,-0.112671,2,0,3
30,14,-0.101562,7,0,3
30,14,0.000000,6,0,4
30,14,-0.119629,4,0,4
30,12,-0.283691,4,0,2
30,10,-0.104492,4,0,3
30,12,0.146973,9,0,1
30,9,0.089844,4,0,1
30,11,-0.250000,8,0,4
30,12,-0.071289,4,0,3
30,16,0.013333,7,0,2
30,12,-0.004883,5,0,5
30,12,0.000000,4,0,1
30,11,0.500000,4,0,3
30,15,-0.086000,7,0,5
30,16,-0.009333,3,0,3
30,15,0.170000,5,0,2
30,11,0.209961,4,0,3
30,15,-0.014667,9,0,4
30,13,0.227051,7,0,3
30,12,-0.210449,6,0,2
30,12,-0.419434,1,0,3
30,10,0.000000,6,0,3
30,13,0.111816,7,0,3
30,12,0.203125,7,0,2
30,12,0.276367,8,0,4
30,13,0.059814,7,0,2
30,15,0.060000,8,0,1
30,10,-0.201172,5,0,3
30,17,0.009333,11,0,4
30,11,0.000000,5,0,6
30,12,-0.244141,5,0,4
30,14,0.028076,7,0,3
30,12,0.168945,3,0,1
30,15,0.065333,8,0,5
30,15,0.234000,4,0,3
30,14,0.045898,8,0,3
30,12,-0.164062,4,0,3
30,12,-0.085938,9,0,3
30,12,0.234619,1,0,1
30,15,-0.074000,7,0,1
30,12,-0.086914,2,0,4
30,15,-0.027333,4,0,5
30,16,0.192000,3,0,5
30,13,0.029297,5,0,2
30,13,-0.252686,6,0,3
30,13,0.000000,4,0,4
30,14,-0.033447,3,0,4
30,12,0.268555,6,0,4
30,14,-0.500000,0,0,4
30,15,-0.064000,7,0,2
30,12,-0.028320,6,0,5
30,10,0.000000,6,0,3
30,12,0.027344,4,0,2
30,13,-0.010742,5,0,3
30,15,0.500000,0,0,5
30,15,-0.234667,3,0,4
30,17,-0.108000,6,0,1
30,12,0.048828,3,0,4
30,15,0.140667,2,0,4
30,15,-0.177333,3,0,6
30,13,0.009521,5,0,2
30,11,-0.050781,9,0,3
30,15,-0.203333,7,0,2
30,12,0.015625,5,0,2
30,16,0.200667,9,0,3
30,9,0.500000,0,0,1
30,15,-0.052667,6,0,3
30,16,0.028000,3,0,2
30,13,0.255371,1,0,1
30,14,-0.039978,6,0,2
30,17,0.021333,7,0,3
30,10,0.094727,4,0,2
30,17,-0.129333,3,0,2
30,13,0.047119,5,0,4
30,12,0.000000,5,0,2
30,14,-0.274963,7,0,3
30,13,0.172363,5,0,3
30,12,0.022217,3,0,5
30,10,0.070312,3,0,1
30,11,-0.074219,5,0,1
30,14,-0.281555,7,1,1
30,15,-0.018667,5,0,4
30,11,-0.001953,6,0,3
30,13,-0.102051,5,0,3
30,15,-0.255333,6,0,5
30,13,-0.108398,6,0,1
30,13,0.029419,7,0,2
30,13,0.204102,3,0,4
30,11,0.250000,1,0,5
30,13,0.129395,8,0,3
30,9,0.500000,0,0,2
30,12,0.080566,5,0,2
30,13,-0.056519,6,0,2
30,9,0.343750,3,0,4
30,14,0.044189,5,0,4
30,13,0.309082,4,0,3
30,10,0.162109,3,0,3
30,9,0.378906,2,0,4
30,10,0.500000,0,0,5
30,13,-0.088379,5,0,4
30,12,-0.197266,11,0,5
30,13,0.250000,1,0,1
30,11,-0.097656,5,0,3
30,13,0.111328,7,0,3
30,14,-0.158508,5,0,2
30,13,-0.048828,7,0,1
30,9,0.126953,5,0,1
30,14,0.009949,3,0,5
30,15,-0.385333,5,0,5
30,16,0.500000,6,0,2
30,12,-0.193604,5,0,3
30,12,-0.204590,7,1,1
30,14,-0.250000,3,0,5
30,11,0.000977,3,0,3
30,13,-0.005859,8,0,3
30,15,-0.012000,7,0,4
30,12,-0.500000,8,0,6
30,12,-0.013428,6,0,5
30,16,-0.114000,10,0,2
30,14,-0.048950,5,0,1
30,15,0.052667,6,0,3
30,13,-0.214966,2,0,3
30,14,0.005371,5,0,2
30,15,0.061333,5,0,4
30,12,0.334717,1,0,1
30,9,-0.125000,4,0,3
30,14,-0.247070,5,0,4
30,13,0.366943,1,0,3
30,15,0.116667,9,0,2
30,10,0.281250,6,0,4
30,12,0.500000,0,0,2
30,12,-0.191406,9,0,4
30,11,0.202148,5,0,4
30,16,-0.136667,9,0,4
30,17,0.117333,6,0,2
30,13,-0.107544,4,0,1
30,12,0.000000,5,0,5
30,15,-0.352000,5,1,1
30,12,0.152832,4,0,1
30,13,-0.188477,7,1,1
30,14,-0.011780,4,0,4
30,15,0.048000,8,0,5
30,12,-0.238281,2,0,3
30,14,0.003906,3,0,4
30,14,-0.084229,4,0,2
30,16,-0.288000,11,0,2
30,14,0.264038,6,0,5
30,16,0.029333,2,0,2
30,14,0.000000,6,0,2
30,14,0.500000,0,0,3
30,17,0.369333,2,0,4
30,13,-0.377319,6,0,4
30,7,-0.054688,7,0,3
30,12,-0.074951,5,0,3
30,14,0.042969,6,0,3
30,14,-0.152588,7,0,2
30,13,0.000000,6,0,4
30,14,0.137939,6,0,5
30,12,0.000000,5,0,3
30,13,0.500000,8,0,3
30,13,0.500000,4,0,4
30,13,-0.148315,4,0,1
30,18,-0.500000,11,0,3
30,12,-0.094727,4,0,2
30,12,-0.233887,6,0,3
30,10,-0.035156,6,0,4
30,13,0.308838,6,0,2
30,13,-0.267090,4,0,4
30,11,0.000000,3,0,3
30,11,-0.046875,5,0,3
30,13,0.367188,1,0,4
30,15,-0.288000,9,0,4
30,15,0.202667,6,0,2
30,17,0.014000,3,0,3
30,14,-0.087585,11,0,1
30,10,0.000000,3,0,3
30,11,-0.073242,2,0,2
30,14,0.343750,2,0,1
30,12,0.036621,2,0,2
30,13,0.500000,9,0,3
30,15,0.183333,5,0,5
30,11,-0.250000,2,0,7
30,11,0.132812,3,0,3
30,15,0.076000,3,0,5
30,10,0.000000,5,0,5
30,14,0.345825,7,0,2
30,15,0.112667,2,0,3
30,13,-0.237427,3,0,2
30,12,0.000000,5,0,2
30,10,-0.236328,2,0,5
30,13,0.116577,4,0,2
30,12,-0.125977,9,0,3
30,12,0.000000,4,0,2
30,13,-0.047852,4,0,2
30,15,-0.161333,3,0,3
30,11,0.018555,5,0,5
30,12,0.000000,2,0,4
30,15,0.202667,1,0,3
30,10,0.201172,1,0,3
30,14,0.500000,0,0,2
30,13,0.017578,4,0,1
30,15,-0.044667,10,0,4
30,12,-0.111816,2,0,3
