n,k,bias,nsep,ncut,ncyc,mcyc
30,16,0.500000,0,0,2,19
30,14,0.092041,6,0,2,19
30,13,0.500000,0,0,5,19
30,10,-0.265625,1,0,3,19
30,14,-0.030823,3,0,2,10
30,11,-0.105469,2,0,3,10
30,12,-0.500000,4,0,3,10
30,13,0.206299,7,0,4,10
30,10,0.033203,3,0,5,26
30,17,-0.064000,9,0,3,26
30,14,-0.145569,8,0,1,26
30,13,0.221680,4,0,3,26
30,11,-0.080566,3,0,4,24
30,13,-0.250000,7,0,3,24
30,16,0.135333,12,0,3,24
30,15,-0.003333,1,0,6,24
30,10,0.000000,5,0,4,14
30,13,-0.066406,7,0,3,14
30,16,0.002000,3,0,3,9
30,15,0.154000,6,0,1,14
30,12,-0.248047,7,0,2,19
30,15,-0.192667,8,0,5,11
30,12,0.000000,3,0,3,19
30,15,0.005333,3,0,4,19
30,14,0.272766,1,0,1,30
30,10,0.018555,9,0,3,30
30,14,-0.144043,2,0,2,30
30,13,0.044678,4,0,1,30
30,13,0.078491,6,0,3,8
30,14,0.095093,9,0,3,14
30,11,-0.274414,4,0,3,14
30,12,0.500000,5,0,3,6
30,11,-0.042969,3,0,2,26
30,13,-0.394775,8,2,2,26
30,11,0.200195,1,0,2,26
30,11,0.011719,6,0,2,26
30,12,0.006348,5,0,4,21
30,13,-0.340698,2,0,4,21
30,13,-0.242920,8,0,4,21
30,12,-0.100586,6,0,3,21
30,15,-0.018667,10,0,2,14
30,14,0.012939,6,0,5,14
30,11,-0.151855,7,0,3,14
30,12,0.051758,4,0,5,14
30,12,-0.163086,7,0,2,30
30,12,-0.091797,4,0,1,30
30,13,0.012939,8,0,3,30
30,13,0.500000,8,0,3,30
30,14,0.025879,5,0,3,23
30,11,0.500000,5,0,2,23
30,14,0.062500,2,0,1,23
30,10,0.500000,6,0,3,23
30,11,0.500000,0,0,1,8
30,13,0.500000,4,0,4,8
30,14,-0.073242,9,0,2,9
30,14,0.182251,7,0,2,7
30,12,-0.035400,4,0,3,12
30,13,0.000000,4,0,2,13
30,15,0.265333,4,0,3,12
30,10,0.225586,1,0,1,13
30,13,-0.171875,2,0,4,4
30,12,-0.500000,0,0,2,13
30,10,0.000000,7,0,5,13
30,14,0.500000,0,0,2,13
30,12,0.085449,6,0,2,19
30,15,-0.110667,5,0,3,8
30,12,-0.500000,0,0,3,19
30,12,0.000000,3,0,3,19
30,12,0.351318,7,0,2,9
30,14,0.107422,2,0,5,9
30,9,0.000000,2,0,2,9
30,11,-0.125000,8,0,3,9
30,12,-0.037354,6,0,2,19
30,14,0.500000,4,0,5,19
30,9,-0.007812,5,0,1,19
30,11,-0.140625,6,0,2,19
30,12,0.005859,3,0,4,22
30,12,0.000000,4,0,2,22
30,16,-0.028000,3,0,4,22
30,13,0.109253,6,0,1,22
30,14,0.500000,0,0,4,5
30,13,-0.125244,1,0,3,23
30,13,-0.239746,1,0,2,23
30,13,0.185791,1,0,1,23
30,9,-0.500000,2,0,3,14
30,15,-0.056000,11,0,3,5
30,13,-0.241699,6,0,5,14
30,11,-0.332031,1,0,2,14
30,13,0.029785,8,0,4,30
30,10,-0.125000,2,0,2,30
30,10,0.000000,5,1,3,30
30,13,0.226562,1,0,3,30
30,15,-0.268667,7,0,2,30
30,14,-0.234375,7,0,4,30
30,11,0.271484,1,0,2,30
30,13,0.056396,2,0,1,30
30,12,-0.180664,8,0,6,11
30,11,-0.156250,1,0,4,11
30,14,0.000000,7,0,4,11
30,12,0.055176,9,0,3,11
30,15,0.215333,1,0,3,20
30,11,-0.115723,7,0,3,10
30,12,-0.221191,2,0,5,20
30,12,-0.008301,6,0,3,20
30,12,0.231445,1,0,3,17
30,13,0.000000,1,0,4,17
30,14,-0.021729,7,0,2,4
30,14,0.000000,5,0,3,17
30,15,0.083333,5,0,1,25
30,17,0.004000,7,0,3,25
30,12,0.375000,8,0,2,25
30,18,0.012667,6,0,2,25
30,13,-0.020264,10,0,3,19
30,13,0.236816,2,0,2,19
30,11,0.046875,3,0,2,19
30,12,0.054932,10,0,2,19
30,15,-0.366667,7,0,4,13
30,14,-0.101868,5,0,1,13
30,13,-0.031250,6,0,4,13
30,15,0.500000,7,0,3,13
30,14,-0.111206,6,0,2,23
30,11,-0.104492,3,0,3,23
30,12,0.269531,3,0,2,23
30,17,-0.001333,9,0,3,23
30,13,0.160156,5,0,2,26
30,11,-0.075195,6,0,3,26
30,14,0.500000,1,0,4,26
30,14,0.000000,7,0,5,26
30,14,0.091064,6,0,2,18
30,13,0.039062,6,0,3,18
30,17,-0.072667,10,0,3,12
30,15,-0.000667,10,0,3,18
30,10,0.000000,6,0,3,22
30,11,-0.031250,7,0,4,22
30,10,0.095703,5,0,3,22
30,12,-0.018555,3,0,3,22
30,13,0.041382,4,0,5,14
30,14,0.500000,4,0,2,14
30,13,-0.236328,5,0,2,5
30,14,0.255859,8,0,3,14
30,15,0.344000,3,0,3,20
30,15,-0.381333,4,0,2,20
30,15,0.500000,0,0,2,20
30,16,-0.032000,7,0,1,20
30,14,-0.106934,6,0,3,17
30,7,0.179688,4,0,2,17
30,14,0.000000,5,0,3,7
30,13,-0.109375,3,0,2,17
30,11,-0.135742,2,0,4,19
30,16,-0.130000,9,0,4,19
30,12,0.080078,10,0,3,19
30,14,-0.110474,4,0,4,19
30,9,0.001953,5,0,4,27
30,12,-0.500000,6,0,4,27
30,13,0.500000,0,0,4,27
30,11,0.060547,3,0,3,27
30,13,-0.021729,7,0,4,22
30,15,0.118667,2,0,1,22
30,9,-0.089844,4,0,2,22
30,14,0.138794,4,0,3,22
30,15,0.500000,5,0,3,30
30,17,-0.052000,3,0,4,30
30,14,-0.007812,5,0,3,30
30,15,-0.008667,9,0,3,30
30,16,0.026667,10,0,3,16
30,14,-0.016479,5,0,4,16
30,15,-0.116000,5,0,5,10
30,14,-0.398926,1,0,6,16
30,14,-0.500000,9,0,5,12
30,16,-0.058667,5,0,3,12
30,18,-0.297333,3,0,4,12
30,11,0.082031,4,0,4,14
30,15,-0.031333,6,0,1,19
30,14,-0.106567,7,0,5,19
30,14,0.053772,7,0,3,19
30,15,0.080667,8,0,5,5
30,14,-0.244751,2,0,5,30
30,12,0.117432,4,0,6,30
30,12,0.276367,2,0,3,30
30,12,0.250000,3,0,4,30
30,12,-0.312500,4,1,4,9
30,11,0.000000,5,0,3,8
30,14,0.500000,2,0,2,8
30,13,-0.202637,7,0,3,8
30,13,-0.119141,8,0,2,27
30,13,0.000000,8,0,4,27
30,11,-0.342773,1,0,4,27
30,14,0.135986,9,0,2,27
30,15,0.113333,7,0,2,30
30,13,0.250000,10,0,3,30
30,11,0.500000,9,0,3,30
30,14,0.106323,6,0,4,30
30,19,-0.030000,10,0,3,15
30,18,0.014000,9,0,5,15
30,13,-0.001465,7,0,2,13
30,13,-0.079956,5,0,2,15
30,11,-0.062500,4,0,2,4
30,12,-0.031006,7,0,2,19
30,10,0.349609,8,0,4,19
30,12,0.218750,3,0,3,19
30,14,0.003418,6,0,2,21
30,12,0.162109,5,0,2,21
30,14,-0.244629,1,0,2,21
30,11,-0.144531,3,0,3,9
30,12,-0.023926,3,0,4,22
30,15,0.328000,7,0,2,22
30,10,-0.062500,5,0,3,22
30,10,0.500000,4,0,4,22
30,12,0.027344,2,0,3,13
30,11,0.250000,2,0,8,8
30,10,-0.031250,8,0,3,13
30,14,0.250000,4,0,5,8
30,9,-0.226562,3,0,3,30
30,13,-0.077026,6,0,3,30
30,17,-0.145333,7,0,4,30
30,8,-0.250000,2,2,1,30
30,13,-0.157471,5,0,1,17
30,11,-0.500000,2,0,3,17
30,11,0.270508,3,0,2,17
30,14,0.000977,8,0,5,17
30,14,-0.080017,5,0,5,15
30,14,-0.066895,2,0,4,15
30,12,0.148438,2,0,3,15
30,10,0.023438,3,0,3,15
30,18,0.115333,10,0,3,19
30,16,-0.023333,5,0,2,19
30,12,-0.041992,6,0,3,11
30,16,-0.119333,7,0,4,11
30,14,-0.138000,2,0,2,7
30,17,0.314000,9,0,3,19
30,15,0.054000,4,0,3,19
30,15,0.129333,6,0,2,19
30,12,0.160645,4,0,2,25
30,14,0.250000,1,0,3,25
30,13,0.351562,8,0,5,25
30,8,-0.500000,3,0,3,25
30,12,-0.121094,6,0,3,12
30,10,-0.500000,0,0,4,12
30,10,0.179688,7,0,4,9
30,13,0.500000,3,0,4,12
30,12,0.054688,3,0,3,27
30,15,-0.054667,6,0,2,27
30,14,0.139893,6,0,4,27
30,10,-0.500000,6,0,3,27
30,13,-0.128052,7,0,3,30
30,14,0.500000,0,0,5,30
30,16,0.500000,0,0,3,30
30,16,0.380000,1,0,1,30
30,9,-0.046875,2,0,2,30
30,15,-0.091333,6,0,2,30
30,12,0.375000,1,0,2,30
30,12,0.000000,7,0,2,30
30,13,0.126343,6,0,3,23
30,13,0.000000,2,0,3,23
30,14,0.084717,4,0,2,23
30,15,0.187333,11,0,2,23
30,15,-0.191333,3,0,5,20
30,17,0.500000,4,0,3,20
30,12,0.000000,5,0,4,4
30,9,0.093750,2,0,2,20
30,12,0.038330,7,0,2,19
30,13,-0.012695,4,0,4,19
30,12,-0.015625,10,0,3,19
30,10,-0.410156,2,0,2,19
30,12,0.000000,2,0,1,28
30,14,0.500000,9,0,2,28
30,11,-0.195312,5,0,2,28
30,11,0.500000,0,0,2,28
30,10,-0.250000,1,0,6,30
30,14,0.000000,9,0,3,30
30,12,0.203369,7,0,3,30
30,9,0.500000,0,0,1,30
30,13,0.149414,5,0,5,11
30,13,-0.212891,6,0,3,14
30,15,0.500000,7,0,4,11
30,16,-0.229333,5,0,4,11
30,15,-0.000667,4,0,2,15
30,13,0.000000,4,0,3,15
30,10,0.250000,5,0,2,15
30,16,0.266667,1,0,3,15
30,13,0.001953,5,0,2,24
30,15,-0.276000,6,0,3,24
30,14,-0.093506,9,0,2,24
30,14,0.024048,7,0,1,24
30,16,-0.154667,2,0,5,26
30,11,0.500000,0,0,5,26
30,12,0.385742,1,0,5,26
30,11,0.013672,4,0,3,26
30,11,-0.500000,0,0,4,8
30,12,0.406006,5,0,3,8
30,14,0.076660,7,0,5,6
30,14,0.000000,4,0,4,6
30,12,0.000000,2,0,1,26
30,15,0.500000,7,0,3,26
30,11,0.500000,6,0,2,26
30,15,-0.280000,5,0,3,26
30,11,0.023438,5,0,2,15
30,14,-0.072327,4,0,3,15
30,12,0.349609,2,0,1,15
30,11,-0.203125,6,1,4,15
30,7,0.218750,2,0,4,14
30,15,-0.142667,6,0,2,14
30,9,-0.210938,1,0,3,14
30,9,-0.009766,4,0,2,14
30,12,-0.199219,4,0,3,25
30,14,0.020874,4,0,4,25
30,13,0.000000,8,0,3,25
30,11,0.084473,6,0,2,25
30,14,-0.062744,6,0,4,5
30,16,0.327333,9,0,1,22
30,14,0.113770,8,0,3,22
30,8,-0.253906,4,0,4,22
30,11,-0.099609,7,0,3,20
30,11,-0.057617,7,0,3,20
30,9,0.031250,5,0,2,20
30,13,0.000000,5,0,2,20
30,13,0.156250,4,0,1,16
30,14,-0.158936,2,0,3,16
30,11,0.053711,6,0,3,16
30,13,-0.245239,9,0,2,16
30,10,-0.115234,4,0,3,13
30,15,0.433333,4,0,3,8
30,10,0.000000,5,0,3,8
30,14,0.053589,7,0,1,13
30,12,0.060059,5,0,1,26
30,10,-0.228516,3,0,2,26
30,9,0.291016,1,0,1,26
30,13,0.058594,2,0,3,26
30,14,0.061157,4,0,4,20
30,11,-0.130859,4,0,2,20
30,11,-0.173828,4,0,4,20
30,15,0.020667,4,0,1,20
30,13,-0.014160,6,0,2,16
30,15,0.071333,10,0,4,8
30,13,0.500000,5,0,3,16
30,14,0.089233,5,0,4,16
30,14,0.071899,10,0,3,13
30,15,0.002000,4,0,5,12
30,12,0.500000,2,0,4,13
30,13,0.500000,0,0,4,13
30,14,0.031677,9,0,3,18
30,10,0.064453,2,0,3,10
30,11,0.500000,0,0,4,18
30,12,0.500000,6,0,4,10
30,11,0.370605,1,0,1,28
30,13,-0.113281,6,0,2,28
30,10,0.179688,8,0,3,28
30,12,-0.057861,4,0,3,28
30,17,-0.082667,4,0,1,21
30,13,0.500000,0,0,5,21
30,9,-0.281250,5,0,3,21
30,12,-0.125000,5,1,2,21
30,13,0.500000,0,0,1,19
30,16,0.156667,9,0,3,19
30,11,-0.246094,3,0,2,19
30,10,0.500000,5,0,4,19
30,15,-0.070667,7,0,4,14
30,13,0.075806,7,0,3,14
30,14,-0.084106,5,0,3,14
30,14,0.115723,7,0,3,11
30,12,-0.044922,7,0,3,9
30,15,-0.072000,7,0,3,8
30,14,-0.113708,6,0,4,8
30,14,-0.255371,6,0,4,9
30,13,-0.157715,7,0,2,17
30,13,0.048584,4,0,4,9
30,13,0.500000,0,0,2,17
30,12,-0.337158,6,0,4,17
30,13,0.033936,3,0,3,17
30,14,0.204529,6,0,2,17
30,13,-0.177368,9,0,2,17
30,12,0.331543,1,0,5,17
30,12,-0.242676,5,0,3,22
30,10,-0.291016,4,0,4,22
30,14,-0.031494,4,0,3,8
30,14,-0.037109,3,0,5,22
30,12,-0.045654,5,0,3,12
30,12,-0.328369,7,0,4,9
30,14,0.115479,4,0,2,12
30,14,0.103027,6,0,3,9
30,13,0.018188,4,0,3,28
30,14,0.143188,8,0,3,28
30,12,-0.306152,2,0,2,28
30,12,0.095703,5,0,4,28
30,15,0.319333,10,0,2,30
30,11,-0.054688,3,0,6,30
30,16,0.500000,0,0,6,30
30,16,-0.090667,7,0,3,30
30,15,0.500000,0,0,4,28
30,14,0.000000,3,0,2,28
30,15,-0.106000,8,0,3,28
30,11,-0.001465,8,0,3,28
30,12,0.108398,5,0,4,17
30,16,0.044667,2,0,2,17
30,15,0.185333,6,0,3,17
30,12,-0.228271,1,0,3,17
30,15,0.007333,5,0,1,14
30,14,0.000000,8,0,1,14
30,14,-0.069336,8,0,3,14
30,12,-0.056885,4,0,4,14
30,14,0.500000,0,0,3,17
30,15,0.210000,1,0,3,17
30,13,-0.122559,6,0,2,17
30,14,-0.124023,7,0,4,17
30,14,-0.500000,3,0,4,13
30,13,0.123901,5,0,3,8
30,12,-0.058105,5,0,3,13
30,17,0.500000,0,0,2,8
30,14,0.000000,6,0,1,22
30,12,-0.064453,7,0,2,22
30,14,0.253906,7,0,4,22
30,13,0.231934,9,0,3,22
30,14,0.236145,8,0,2,21
30,9,0.039062,2,0,4,9
30,11,0.500000,0,0,2,21
30,12,0.026367,7,0,3,9
30,11,-0.050781,8,0,2,18
30,11,-0.059082,8,0,3,18
30,14,-0.193604,1,0,5,18
30,11,0.250000,4,0,6,18
30,13,-0.005859,5,0,3,20
30,12,-0.113281,3,0,2,20
30,17,-0.180667,3,0,3,20
30,13,-0.133057,5,0,2,20
30,11,-0.179688,6,0,3,9
30,10,-0.015625,6,0,4,12
30,12,-0.191406,1,0,3,12
30,15,-0.072000,7,0,2,12
30,13,0.145752,4,0,4,21
30,14,0.120850,2,0,3,21
30,15,-0.085333,6,0,2,21
30,12,0.500000,2,0,3,21
30,14,0.124451,3,0,3,30
30,12,0.183594,7,0,3,30
30,12,0.148926,5,0,3,30
30,11,0.251953,6,0,4,30
30,13,0.174683,6,0,4,20
30,13,0.000000,7,0,2,20
30,10,0.023438,5,0,2,20
30,12,0.000000,7,1,2,20
30,11,0.254883,7,0,2,26
30,13,0.000000,4,0,1,26
30,16,0.159333,2,0,4,26
30,14,0.500000,2,0,3,26
30,10,-0.250000,5,0,3,9
30,11,0.500000,7,0,3,12
30,13,-0.002197,8,0,3,12
30,15,-0.328667,1,0,5,12
30,11,-0.500000,0,0,4,15
30,8,-0.218750,1,0,5,15
30,9,0.054688,8,0,4,15
30,10,-0.019531,7,0,2,15
30,15,-0.298667,10,1,3,28
30,12,-0.094727,5,0,2,28
30,12,0.000000,8,0,2,28
30,12,0.218750,2,0,5,28
30,13,-0.248657,6,0,3,23
30,12,-0.088867,4,0,4,23
30,18,0.119333,2,0,1,23
30,15,0.138000,8,0,2,23
30,14,0.148682,6,0,3,30
30,12,0.500000,4,0,3,30
30,11,0.179688,5,0,4,30
30,14,-0.058716,10,0,3,30
30,13,-0.232422,6,0,2,6
30,15,-0.282000,6,0,3,14
30,12,-0.213867,2,0,4,14
30,13,0.000000,6,0,1,8
30,14,0.073120,6,0,1,10
30,13,0.500000,1,0,2,8
30,14,0.141968,8,0,4,10
30,16,-0.102667,10,0,1,10
30,14,-0.114746,7,0,4,10
30,15,-0.021333,5,0,1,10
30,8,0.039062,3,0,3,9
30,16,0.006000,8,0,3,7
30,16,-0.199333,8,0,4,26
30,11,0.000000,3,0,2,26
30,12,-0.006836,3,0,4,26
30,10,0.500000,0,0,3,26
30,11,0.000000,2,0,4,14
30,12,0.159180,4,0,3,14
30,14,0.328308,6,0,3,14
30,16,0.083333,9,0,5,10
30,10,-0.271484,9,1,3,20
30,11,0.178711,4,0,3,20
30,13,-0.087402,6,0,3,20
30,10,-0.158203,3,0,4,20
30,14,-0.252930,8,0,6,20
30,12,-0.232422,2,0,4,20
30,15,-0.103333,3,0,4,20
30,13,0.201172,5,0,2,20
30,13,0.500000,0,0,2,20
30,11,0.000000,6,0,3,20
30,9,0.250000,4,0,4,20
30,12,-0.062500,5,0,4,20
30,7,-0.406250,1,0,4,30
30,13,0.235107,1,0,2,30
30,11,0.048828,5,0,3,30
30,13,0.038574,4,0,2,30
30,13,0.046875,8,0,2,14
30,12,-0.058105,9,0,3,9
30,14,-0.109375,2,0,2,9
30,11,0.000000,5,0,1,14
30,12,-0.125000,4,1,2,24
30,11,0.238281,6,0,4,24
30,13,0.136597,6,0,3,24
30,13,-0.084351,8,0,2,24
30,11,0.500000,0,0,4,25
30,16,0.101333,9,0,2,25
30,13,0.125000,2,0,1,25
30,13,0.284058,7,0,1,25
30,16,-0.125333,11,0,3,12
30,15,-0.229333,1,0,4,9
30,15,0.058000,4,0,3,12
30,14,0.250000,10,0,6,12
30,12,0.143066,3,0,3,21
30,16,0.044667,6,0,1,21
30,12,-0.031982,8,0,3,21
30,13,0.211548,7,0,3,21
30,11,0.071289,2,0,4,10
30,15,0.003333,9,0,3,11
30,11,0.500000,3,0,4,6
30,9,0.414062,1,0,2,6
30,12,0.500000,3,0,4,17
30,12,-0.110596,6,0,2,17
30,12,-0.154297,6,0,3,13
30,14,0.065674,6,0,4,17
30,11,0.031738,5,0,4,25
30,12,-0.072266,3,0,5,25
30,14,-0.253418,1,0,2,25
30,14,0.309814,7,0,5,25
30,15,-0.246667,7,0,3,14
30,15,-0.030667,8,0,3,14
30,12,0.082031,5,0,3,14
30,14,-0.301025,7,0,2,14
30,12,-0.500000,0,0,7,12
30,13,0.115234,3,0,3,12
30,11,0.500000,0,0,2,11
30,13,-0.100586,6,0,4,11
30,11,-0.009766,3,0,1,9
30,16,0.500000,0,0,3,6
30,13,-0.323730,2,0,5,9
30,13,0.184082,3,0,4,9
30,11,0.054688,6,0,2,10
30,11,0.000000,4,0,5,9
30,13,0.134644,4,0,3,9
30,14,0.167236,1,0,5,10
30,14,-0.134766,6,0,5,22
30,14,-0.156921,9,0,3,22
30,12,-0.336914,5,0,3,22
30,16,-0.002000,3,0,2,5
30,15,0.124000,8,0,4,24
30,14,0.221558,4,0,1,24
30,16,0.250000,9,0,2,24
30,12,0.000000,3,0,3,24
30,14,-0.284363,7,0,2,25
30,9,0.175781,7,0,2,5
30,15,0.126667,2,0,3,25
30,13,0.115234,4,0,1,25
30,14,0.000000,4,0,2,28
30,12,0.006836,4,0,4,28
30,14,0.250977,1,0,3,28
30,13,-0.277466,1,0,5,28
30,12,0.015137,3,0,3,27
30,16,0.106000,1,0,1,27
30,15,-0.226667,3,0,4,27
30,13,0.500000,2,0,4,27
30,12,-0.258789,6,1,2,21
30,8,0.000000,2,0,3,21
30,13,0.045898,4,0,3,21
30,11,0.453125,7,0,3,21
30,9,0.125000,2,0,1,10
30,13,-0.005493,4,0,3,13
30,11,0.000000,5,0,1,10
30,13,0.000000,7,0,2,13
30,10,-0.277344,1,0,4,28
30,13,0.000000,6,0,4,28
30,13,-0.040039,4,0,3,28
30,12,0.144531,3,0,5,28
30,12,-0.500000,0,0,4,7
30,12,-0.044922,4,0,3,7
30,15,-0.238000,3,0,2,16
30,14,0.500000,0,0,4,16
30,13,-0.271362,3,0,3,15
30,12,0.126953,7,0,4,15
30,10,-0.237305,1,0,3,15
30,12,-0.053467,6,0,3,15
30,12,0.000000,7,0,4,22
30,13,-0.075195,6,0,4,22
30,13,0.059814,9,0,1,22
30,14,0.085815,2,0,5,22
30,11,-0.010254,5,0,4,12
30,13,-0.379883,2,0,4,12
30,15,-0.020667,5,0,4,8
30,10,-0.195312,7,1,2,12
30,18,0.018667,6,0,2,30
30,12,-0.243164,9,0,4,30
30,15,0.045333,2,0,4,30
30,13,-0.360596,1,0,4,30
30,12,0.269043,7,0,4,7
30,14,-0.272766,2,0,5,7
30,10,-0.019531,5,0,2,7
30,17,0.500000,0,0,4,9
30,13,-0.087280,3,0,1,21
30,13,0.111084,5,0,2,21
30,18,-0.101333,6,0,3,21
30,14,-0.500000,0,0,3,21
30,13,-0.162476,6,0,5,21
30,13,0.500000,0,0,4,21
30,15,-0.092000,7,0,1,21
30,14,-0.500000,0,0,5,21
30,12,-0.500000,0,0,3,15
30,11,0.010742,4,0,2,9
30,13,0.171265,3,0,2,15
30,13,-0.048584,11,0,2,9
30,13,0.230469,6,0,3,17
30,14,0.102295,8,0,2,10
30,14,0.250488,3,0,3,17
30,12,-0.031250,2,0,5,17
30,18,0.155333,8,0,3,14
30,14,0.195068,4,0,2,14
30,15,-0.006000,8,0,2,14
30,15,-0.052000,6,0,3,14
30,12,0.000000,8,0,3,11
30,13,0.176758,6,0,2,11
30,13,0.029297,4,0,2,15
30,16,0.031333,6,0,1,15
30,10,0.105469,5,0,2,12
30,12,-0.125000,2,1,3,18
30,13,0.000000,2,0,2,12
30,14,-0.142578,9,0,3,18
30,14,-0.250000,7,1,2,11
30,15,-0.029333,11,0,3,7
30,12,0.029297,3,0,3,7
30,15,0.016000,7,0,1,11
30,12,-0.133545,7,0,2,14
30,14,0.282837,1,0,3,14
30,12,-0.045410,7,0,3,14
30,12,-0.169922,3,0,3,14
30,11,-0.027344,3,0,3,22
30,10,0.000000,5,0,3,22
30,12,-0.382812,1,0,8,22
30,12,0.067139,4,0,3,22
30,14,-0.050354,9,0,5,23
30,14,0.136230,6,0,3,23
30,13,0.000000,1,0,3,23
30,13,0.500000,0,0,4,23
30,10,0.213867,4,0,3,10
30,14,-0.008545,2,0,2,10
30,7,0.031250,2,0,4,10
30,13,-0.060547,4,0,3,11
30,12,0.060547,7,0,2,19
30,11,0.184570,9,0,1,19
30,10,-0.031250,2,0,3,19
30,11,0.500000,5,0,3,19
30,10,0.046875,3,0,3,11
30,15,0.024667,8,0,2,11
30,14,-0.047119,5,0,4,9
30,14,0.500000,3,0,2,9
30,10,-0.075195,4,0,2,13
30,10,0.500000,0,0,4,13
30,10,-0.000977,7,0,4,15
30,14,-0.225830,5,0,3,15
30,13,0.020264,5,0,2,30
30,18,-0.050000,6,0,2,30
30,14,0.054993,5,0,2,30
30,11,-0.091797,5,0,1,30
30,11,-0.081055,5,0,2,10
30,10,0.015625,4,0,2,10
30,19,-0.044667,10,0,3,10
30,13,-0.085938,5,0,3,14
30,12,-0.312500,5,0,5,26
30,14,-0.027222,7,0,4,26
30,14,0.073975,5,0,4,26
30,14,0.226685,8,0,4,26
30,10,0.065430,4,0,2,9
30,8,-0.250000,1,0,3,9
30,16,0.048000,10,0,2,13
30,11,0.203125,5,0,2,9
30,14,0.000732,4,0,5,25
30,14,-0.066101,7,0,1,25
30,14,0.045776,6,0,3,25
30,10,-0.283203,1,0,3,25
30,14,-0.017090,8,0,2,28
30,13,0.198730,7,0,1,28
30,13,-0.128418,1,0,6,28
30,12,0.000000,8,0,5,28
30,16,-0.016000,12,0,3,18
30,13,-0.126953,7,0,4,18
30,12,-0.111328,5,0,3,18
30,14,0.025818,8,0,2,18
30,12,0.250000,6,0,3,18
30,13,0.277588,6,0,1,7
30,15,-0.036000,7,0,4,18
30,16,-0.089333,3,0,3,18
30,13,-0.101562,3,0,5,25
30,14,0.020264,9,0,4,25
30,15,0.221333,7,0,5,25
30,14,0.046204,5,0,3,25
30,11,0.049805,5,0,1,21
30,14,-0.202026,7,0,4,21
30,11,0.304688,5,0,4,21
30,12,-0.036133,3,0,1,21
30,10,-0.021484,3,0,4,18
30,10,0.152344,7,0,3,18
30,11,0.000000,4,0,3,18
30,13,-0.013428,4,0,2,18
30,14,0.000000,6,0,6,14
30,14,-0.089233,6,0,5,14
30,10,-0.010742,6,0,2,14
30,14,0.038696,3,0,2,14
30,15,0.000000,12,0,2,20
30,11,0.000000,2,0,1,20
30,11,0.243164,5,0,4,20
30,14,0.230835,4,0,1,20
30,12,-0.089844,3,0,5,21
30,9,-0.093750,4,0,2,21
30,11,-0.165039,6,0,3,21
30,17,0.500000,0,0,3,21
30,14,0.250000,11,0,2,24
30,12,0.000000,6,0,4,24
30,9,0.218750,3,0,5,24
30,13,-0.364136,1,0,2,24
30,14,0.056396,9,0,1,21
30,15,0.183333,2,0,3,21
30,12,0.000000,6,0,4,21
30,12,-0.125000,8,0,4,21
30,14,-0.006958,6,0,2,12
30,13,-0.242188,1,0,6,12
30,15,-0.042667,8,0,3,12
30,10,0.307617,4,0,2,12
30,12,0.211914,2,0,4,25
30,12,0.500000,4,0,2,25
30,12,-0.500000,0,0,6,25
30,15,0.218667,6,0,4,25
30,12,-0.343750,2,0,5,22
30,13,-0.290527,5,0,4,22
30,13,0.000000,9,0,2,8
30,11,-0.024414,7,0,2,22
30,13,0.500000,0,0,2,13
30,16,-0.018667,7,0,2,5
30,12,0.130371,7,0,2,13
30,15,-0.014667,1,0,2,4
30,10,0.500000,1,0,3,30
30,15,0.180000,1,0,1,30
30,15,-0.235333,8,0,3,30
30,16,-0.130667,8,0,3,30
30,15,0.038667,8,0,2,17
30,13,0.134521,6,0,3,17
30,16,-0.050667,5,0,1,17
30,11,0.500000,0,0,2,17
30,15,-0.152000,7,0,4,15
30,14,-0.042053,5,0,4,15
30,12,-0.255371,4,0,5,15
30,15,0.042667,7,0,3,12
30,14,-0.214111,10,0,4,21
30,14,-0.035889,8,0,3,21
30,15,0.500000,9,0,5,21
30,12,0.042969,7,0,3,21
30,14,-0.002686,7,0,5,21
30,13,0.316406,5,0,2,21
30,13,0.250000,7,0,3,21
30,15,-0.146667,8,0,1,21
30,13,-0.120361,3,0,4,15
30,13,0.072266,6,0,3,15
30,13,0.390625,2,0,3,10
30,15,-0.039333,8,0,2,15
30,11,-0.025391,2,0,4,28
30,11,0.013184,7,0,2,28
30,13,0.226074,6,0,1,28
30,12,0.114990,5,0,2,28
30,15,-0.109333,5,0,2,27
30,16,0.500000,0,0,4,27
30,9,0.000000,5,0,3,27
30,17,0.092667,7,0,4,27
30,12,0.021973,5,0,2,28
30,11,0.046875,7,0,2,28
30,15,-0.037333,9,0,2,28
30,11,0.250000,7,0,3,28
30,14,0.150391,7,0,3,22
30,14,0.291260,8,0,3,22
30,11,0.000000,5,0,4,22
30,13,0.000000,4,0,3,22
30,12,0.500000,4,0,2,18
30,13,0.250000,10,0,2,18
30,14,-0.088074,7,0,2,18
30,9,-0.390625,2,0,4,18
30,13,0.044922,4,0,3,18
30,12,0.153320,3,0,3,18
30,13,0.150879,9,0,3,18
30,15,-0.080000,13,0,2,18
30,14,-0.042969,3,0,2,30
30,14,-0.213928,4,0,3,30
30,13,0.500000,5,0,2,30
30,16,0.032667,4,0,1,30
30,13,-0.500000,1,0,4,23
30,13,-0.085938,5,0,6,23
30,13,-0.072144,8,0,2,23
30,17,0.026000,7,0,2,23
30,15,-0.078000,7,0,2,18
30,11,0.139648,3,0,4,18
30,13,-0.500000,3,0,5,18
30,14,0.062744,2,0,2,18
30,13,0.296875,4,0,2,11
30,12,0.152344,2,0,6,17
30,14,-0.067444,6,0,1,11
30,13,0.500000,0,0,2,11
30,12,-0.057617,9,0,6,11
30,12,-0.344727,1,0,4,11
30,12,0.015625,4,0,3,12
30,15,0.040000,8,0,2,11
30,10,-0.048828,6,0,3,20
30,14,0.182556,2,0,2,20
30,13,-0.154663,4,0,4,20
30,13,0.160522,1,0,2,6
30,12,0.082031,3,0,1,30
30,14,-0.162354,6,0,5,30
30,13,0.500000,4,0,4,30
30,12,0.250000,3,0,2,30
30,12,0.000000,8,0,4,21
30,14,0.049194,4,0,2,21
30,13,0.126953,3,0,4,21
30,11,0.142090,2,0,1,21
30,12,0.303223,7,0,2,28
30,15,-0.089333,5,0,3,28
30,14,0.500000,0,0,1,28
30,10,0.000000,8,0,2,28
30,12,-0.241211,1,0,2,5
30,10,-0.250000,3,0,2,5
30,10,0.046875,2,0,4,10
30,15,-0.066667,7,0,2,10
30,13,0.032227,5,0,1,18
30,13,-0.004761,5,0,2,18
30,12,0.093750,3,0,4,10
30,14,-0.013672,9,0,2,18
30,13,0.000000,5,0,3,16
30,14,-0.188110,4,0,2,16
30,11,0.000000,4,0,3,8
30,10,0.049805,4,0,2,16
30,12,-0.080566,4,0,3,13
30,13,0.053711,5,0,4,9
30,14,0.000000,5,0,3,9
30,10,0.312500,4,0,5,13
30,12,0.000000,3,0,2,19
30,12,0.113281,6,0,4,19
30,14,-0.262207,5,0,4,19
30,13,0.093262,9,0,4,9
30,13,0.060547,5,0,3,14
30,13,0.127441,7,0,2,14
30,17,0.274667,7,0,3,14
30,16,-0.055333,11,0,3,14
30,9,0.500000,0,0,1,12
30,13,0.000000,8,0,1,12
30,9,0.359375,2,0,2,16
30,14,0.250000,1,0,2,16
30,18,-0.103333,9,0,3,17
30,12,0.000000,2,0,2,17
30,14,-0.150879,8,0,4,17
30,10,-0.296875,1,0,3,17
30,14,0.071289,7,0,2,18
30,12,-0.042969,3,0,5,18
30,15,-0.122000,2,0,4,18
30,14,0.500000,0,0,5,6
30,12,-0.029297,5,0,2,25
30,14,0.375610,4,0,2,25
30,16,-0.065333,2,0,4,25
30,15,-0.192667,1,0,4,25
30,12,-0.148438,3,0,6,5
30,16,-0.122667,1,0,4,5
30,14,-0.141602,9,0,3,15
30,14,0.082458,6,0,3,15
30,13,-0.158203,2,0,3,26
30,12,-0.164062,6,0,2,26
30,13,-0.015869,6,0,3,26
30,11,0.355469,1,0,1,26
30,18,0.500000,0,0,3,18
30,14,-0.219360,8,1,2,18
30,15,-0.089333,3,0,3,18
30,17,-0.000667,6,0,4,18
30,13,-0.268555,5,0,5,23
30,12,0.143555,6,0,3,23
30,13,-0.204224,4,0,3,23
30,9,-0.187500,3,0,5,23
30,13,0.002441,5,0,3,6
30,10,0.050781,4,0,1,6
30,14,-0.247314,6,0,1,19
30,11,0.000000,4,0,1,6
30,11,-0.500000,0,0,5,11
30,17,-0.149333,6,0,1,11
30,12,0.004395,4,0,1,10
30,9,0.009766,6,0,3,10
30,13,0.122314,6,0,2,13
30,14,0.118652,4,0,2,8
30,13,0.148438,3,0,4,13
30,11,-0.077148,4,0,5,13
30,13,-0.124023,5,0,4,13
30,11,-0.037109,4,0,4,13
30,8,-0.085938,4,0,1,8
30,12,0.500000,0,0,5,13
30,14,0.010742,8,0,4,22
30,16,-0.090000,5,0,3,22
30,12,-0.213867,2,0,4,22
30,13,0.079102,4,0,1,22
30,12,0.500000,0,0,3,22
30,14,-0.133057,6,0,4,22
30,14,-0.039001,6,0,4,22
30,14,-0.368652,3,0,2,22
30,11,-0.019531,4,0,4,17
30,11,0.078125,6,0,4,17
30,16,0.054000,7,0,3,7
30,13,0.138306,6,0,2,17
30,14,0.500000,11,0,3,28
30,15,-0.198667,2,0,3,28
30,13,0.089355,6,0,3,28
30,14,-0.118652,2,0,3,28
30,12,0.500000,5,0,2,25
30,7,0.218750,3,0,2,25
30,14,0.044922,3,0,4,25
30,10,-0.035156,7,0,2,25
30,13,0.093262,8,0,4,18
30,15,-0.044000,6,0,1,18
30,14,0.147705,5,0,3,18
30,11,-0.208984,3,0,2,18
30,12,-0.250000,1,0,2,16
30,13,-0.245117,5,0,5,16
30,14,0.126831,7,0,1,16
30,13,0.248413,5,0,1,16
30,16,0.096000,6,0,2,10
30,13,-0.043213,6,0,2,5
30,11,-0.007812,5,0,1,10
30,13,-0.071533,8,0,4,13
30,13,-0.209961,8,0,5,18
30,14,0.023926,9,0,4,18
30,16,0.161333,2,0,3,18
30,15,-0.180667,6,0,4,18
30,15,0.246000,1,0,2,28
30,14,0.243164,6,0,2,28
30,12,0.500000,2,0,2,28
30,9,0.000000,4,0,5,28
30,10,-0.010742,3,0,4,22
30,12,-0.206055,1,0,3,22
30,9,0.000000,4,0,4,22
30,8,0.156250,2,0,2,22
30,11,-0.257812,4,0,5,9
30,11,-0.500000,0,0,3,10
30,12,0.184570,5,0,4,10
30,11,-0.343750,2,0,4,10
30,13,-0.076416,1,0,3,10
30,11,0.000000,5,0,4,9
30,14,-0.250000,5,0,4,9
30,12,-0.500000,5,0,3,9
30,15,-0.044667,5,0,3,25
30,12,0.292725,1,0,1,25
30,15,-0.080667,4,0,3,25
30,13,-0.295410,3,0,4,25
30,12,-0.250000,7,1,1,15
30,14,0.500000,0,0,5,15
30,17,-0.144000,14,0,2,15
30,13,-0.154419,2,0,2,15
30,14,0.500000,0,0,6,27
30,12,-0.054688,2,0,1,27
30,15,0.090667,12,0,2,27
30,13,0.500000,0,0,3,27
30,12,0.000000,3,0,4,21
30,12,0.236572,6,0,2,21
30,14,0.000000,1,0,4,21
30,15,-0.006000,11,0,1,21
30,13,0.150391,9,0,3,22
30,15,0.088667,6,0,1,22
30,14,-0.177551,11,0,5,22
30,14,0.022156,5,0,3,22
30,13,-0.076904,9,0,4,17
30,11,-0.191406,8,0,2,17
30,14,-0.500000,0,0,3,17
30,13,0.048828,9,0,4,17
30,10,-0.143555,2,0,4,19
30,8,0.000000,5,0,2,19
30,10,0.031250,6,0,2,19
30,9,0.054688,2,0,2,19
30,15,-0.090000,9,0,1,25
30,10,0.000000,3,0,4,25
30,13,-0.048828,5,0,3,25
30,8,-0.125000,4,0,4,25
30,12,0.104492,6,0,3,16
30,14,-0.270996,4,0,4,16
30,16,-0.250667,8,1,2,16
30,16,0.148667,11,0,3,16
30,13,-0.011353,7,0,4,13
30,10,0.500000,6,0,5,13
30,13,0.500000,0,0,2,17
30,12,0.500000,5,0,4,17
30,12,0.000977,6,0,2,14
30,9,0.050781,3,0,2,16
30,15,0.100000,6,0,4,14
30,15,-0.025333,6,0,1,14
30,12,-0.142090,5,0,5,8
30,14,0.027832,5,0,2,6
30,15,0.074667,3,0,2,8
30,12,0.000000,7,0,5,7
30,13,0.350830,10,0,4,22
30,13,-0.043335,9,0,2,22
30,14,-0.500000,6,0,3,22
30,11,-0.110352,8,0,2,22
30,15,-0.076667,8,0,1,11
30,14,-0.085205,3,0,4,17
30,12,0.044922,2,0,2,17
30,11,0.016113,8,0,3,17
30,12,-0.500000,0,0,2,13
30,11,0.416016,8,0,3,13
30,10,-0.082031,7,0,2,12
30,13,-0.250000,1,0,3,13
30,13,0.049072,4,0,2,19
30,13,-0.041748,7,0,6,19
30,12,0.035156,3,0,2,19
30,16,0.500000,0,0,1,19
30,10,-0.097656,6,0,4,4
30,11,0.000000,9,0,3,9
30,13,0.250000,7,0,3,9
30,14,-0.179688,3,0,8,9
30,14,0.229492,1,0,1,16
30,12,-0.312012,5,0,3,14
30,10,0.164062,6,0,2,16
30,11,-0.132812,4,0,2,16
30,12,-0.009766,6,0,2,12
30,12,0.500000,0,0,2,12
30,13,-0.234375,3,0,2,12
30,14,-0.245117,1,0,2,8
30,11,-0.500000,0,0,3,9
30,10,0.000000,4,0,5,9
30,13,0.195557,6,0,2,8
30,11,-0.500000,4,0,3,8
30,13,-0.012695,5,0,2,19
30,13,0.019531,6,0,5,19
30,15,-0.054667,9,0,4,19
30,13,0.273682,6,0,3,19
30,13,-0.167603,6,0,3,17
30,13,0.087524,6,0,3,13
30,14,0.500000,0,0,4,17
30,14,-0.086487,4,0,3,17
30,14,0.165527,8,0,4,26
30,13,0.245117,8,0,4,4
30,13,0.031250,7,0,3,26
30,14,0.047424,7,0,1,26
30,16,-0.098000,3,0,4,23
30,11,-0.094238,6,0,2,23
30,11,0.500000,4,0,3,23
30,14,0.000000,7,0,2,23
30,12,0.500000,6,0,5,14
30,12,-0.330322,5,1,1,14
30,11,-0.500000,6,0,5,12
30,14,-0.133240,2,0,5,14
30,16,0.020000,12,0,4,27
30,13,-0.052612,5,0,3,27
30,14,-0.175171,3,0,4,27
30,12,-0.250000,7,0,5,27
30,10,0.500000,3,0,2,20
30,11,0.500000,0,0,3,20
30,12,-0.058105,3,0,5,20
30,11,0.138672,2,0,2,20
30,14,-0.186523,10,0,4,8
30,12,0.000000,4,0,3,8
30,13,0.112915,7,0,3,12
30,12,0.037842,6,0,3,8
30,14,0.000000,9,0,3,16
30,12,0.152100,2,0,3,16
30,11,0.247070,5,0,2,16
30,11,0.203125,7,0,2,6
30,8,0.117188,5,0,4,30
30,16,-0.122667,12,0,4,30
30,13,0.000000,8,0,2,30
30,13,0.174316,4,0,3,30
30,13,0.177734,7,0,2,26
30,9,0.500000,0,0,2,26
30,10,-0.203125,2,0,5,26
30,10,0.201172,4,0,2,26
30,13,0.259766,10,0,3,30
30,15,0.262667,6,0,2,30
30,16,0.204667,2,0,4,30
30,13,0.015625,7,0,3,30
30,14,-0.011047,5,0,1,25
30,11,-0.016602,4,0,4,25
30,13,0.130127,9,0,3,25
30,13,0.110352,1,0,2,25
30,12,0.016602,5,0,2,14
30,16,-0.008667,8,0,4,14
30,18,-0.500000,0,0,5,16
30,15,0.500000,0,0,4,16
30,13,0.000000,8,0,4,28
30,18,-0.001333,9,0,2,28
30,13,-0.113159,6,0,4,28
30,10,-0.074219,6,0,2,28
30,15,0.027333,9,0,2,19
30,15,0.076000,8,0,2,19
30,13,-0.028931,6,0,2,19
30,10,0.500000,4,0,4,19
30,9,-0.128906,1,0,4,19
30,15,-0.224000,9,0,2,19
30,15,0.120000,4,0,2,19
30,10,0.023438,3,0,4,19
30,14,0.050781,5,0,4,18
30,11,0.000000,2,0,6,18
30,14,-0.065552,5,0,5,8
30,12,0.500000,0,0,2,18
30,13,0.000000,3,0,2,7
30,11,-0.321289,4,0,3,6
30,11,-0.315430,4,0,3,6
30,13,-0.181152,1,0,5,6
30,15,-0.006667,4,0,1,22
30,11,0.000000,4,0,3,22
30,14,-0.007080,7,0,3,22
30,12,0.046143,4,0,3,22
30,12,0.500000,0,0,3,30
30,13,-0.374023,7,0,2,30
30,13,-0.067139,9,0,3,30
30,11,0.003906,4,0,4,30
30,16,0.091333,5,0,2,12
30,14,0.001587,3,0,3,16
30,12,-0.234375,6,0,5,12
30,16,-0.113333,2,0,4,16
30,12,-0.250000,3,0,6,10
30,13,-0.351562,5,2,2,13
30,11,0.500000,0,0,1,13
30,14,-0.173218,7,0,4,13
30,16,-0.088667,4,0,3,27
30,14,0.268311,9,0,2,27
30,12,0.077148,4,0,2,27
30,13,0.500000,0,0,2,27
30,12,-0.156982,7,0,2,14
30,11,-0.031250,4,0,3,14
30,12,-0.120117,6,0,3,14
30,13,0.052979,4,0,4,14
30,10,0.089844,4,0,3,28
30,12,0.037598,2,0,2,28
30,16,0.002000,8,0,6,28
30,14,0.500000,2,0,2,28
30,14,0.015381,9,0,3,20
30,11,-0.043945,5,0,2,20
30,10,-0.101562,3,1,3,20
30,12,-0.047607,5,0,3,20
30,12,0.315186,1,0,1,13
30,15,0.005333,6,0,2,13
30,14,-0.186279,7,0,4,13
30,12,0.005859,3,0,3,5
30,11,-0.236328,3,0,3,27
30,11,0.167969,6,0,2,27
30,9,0.500000,4,0,3,27
30,10,0.298828,6,0,2,27
30,13,0.125488,2,0,2,12
30,8,0.156250,4,0,2,12
30,9,0.226562,3,0,3,12
30,14,0.023987,7,0,2,12
30,13,0.064209,2,0,4,9
30,14,-0.076660,6,0,5,9
30,10,0.500000,2,0,2,12
30,13,-0.210449,5,0,4,12
30,16,0.078667,5,0,2,17
30,15,0.089333,7,0,2,17
30,13,-0.242676,3,0,3,10
30,15,0.078667,2,0,2,17
30,12,-0.239258,9,1,1,30
30,15,0.148000,2,0,2,30
30,13,-0.258789,9,0,4,30
30,10,-0.269531,3,0,4,30
30,14,-0.116577,4,0,5,10
30,14,-0.198242,7,0,5,9
30,13,-0.025879,5,0,6,9
30,14,0.000000,7,0,2,10
30,14,0.025391,3,0,2,19
30,13,-0.150391,4,0,3,19
30,11,0.044922,2,0,4,19
30,16,-0.216667,2,0,2,19
30,14,-0.114563,5,0,3,27
30,9,0.335938,3,0,2,27
30,13,-0.142578,10,0,5,27
30,15,0.004000,2,0,2,27
30,9,-0.218750,4,0,4,23
30,12,0.500000,0,0,3,23
30,18,0.104667,2,0,3,23
30,18,-0.015333,9,0,2,23
30,15,0.116667,4,0,4,19
30,12,-0.035156,8,0,3,19
30,12,-0.090820,2,0,2,19
30,21,0.149333,1,0,3,19
30,11,0.000000,3,0,5,8
30,12,0.018555,4,0,2,10
30,14,-0.123901,2,0,5,8
30,13,0.500000,0,0,2,8
30,14,-0.068481,10,0,3,10
30,16,-0.004667,7,0,6,10
30,14,-0.006348,6,0,2,13
30,15,-0.142000,7,0,3,13
30,15,-0.180667,3,0,4,9
30,14,-0.138306,4,0,3,9
30,11,0.500000,0,0,1,9
30,8,0.125000,1,0,4,13
30,12,-0.500000,0,0,4,13
30,9,0.500000,6,0,2,10
30,10,0.246094,5,0,3,10
30,16,-0.203333,2,0,3,13
30,12,-0.205078,4,0,5,18
30,14,0.127686,7,0,3,18
30,10,-0.125000,3,0,3,18
30,14,0.500000,2,0,4,18
30,11,0.250000,1,0,3,24
30,14,-0.234375,3,0,4,24
30,11,0.500000,3,0,2,24
30,11,-0.111816,4,0,4,24
30,12,-0.148438,2,0,3,17
30,14,-0.246338,2,0,2,17
30,9,-0.335938,4,1,1,8
30,15,0.221333,10,0,2,17
30,12,0.312500,7,0,3,22
30,13,0.322266,7,0,1,6
30,9,0.250000,2,0,3,22
30,14,-0.244263,7,0,4,22
30,16,-0.028000,12,0,3,11
30,12,0.331055,3,0,4,12
30,15,-0.500000,0,0,5,12
30,12,0.500000,5,0,4,12
30,13,-0.110107,5,0,4,21
30,14,-0.051147,6,0,4,21
30,13,-0.052734,5,0,2,21
30,11,0.125000,4,0,2,21
30,18,0.005333,9,0,3,16
30,12,-0.313477,4,1,2,11
30,9,0.500000,3,0,5,16
30,13,-0.039062,6,0,3,11
30,10,-0.078125,6,0,4,14
30,16,-0.013333,10,0,5,11
30,11,-0.168945,6,0,6,14
30,16,0.010667,8,0,2,11
30,14,0.025635,2,0,2,19
30,11,0.500000,7,0,3,19
30,13,0.091309,6,0,2,19
30,14,0.194275,5,0,2,19
30,11,0.000000,5,0,4,30
30,14,-0.125000,8,0,6,30
30,13,-0.077148,4,0,5,30
30,12,-0.087891,4,0,3,30
30,10,-0.175781,6,0,2,23
30,13,0.085938,8,0,3,23
30,15,0.195333,4,0,4,23
30,12,0.091309,3,0,2,23
30,11,0.267578,1,0,2,23
30,11,-0.065430,4,0,2,23
30,11,-0.070312,6,0,4,23
30,14,-0.190002,9,0,3,23
30,14,0.200134,2,0,2,21
30,11,0.086426,5,0,3,21
30,14,0.098389,4,0,3,21
30,11,-0.193359,7,0,3,21
30,14,0.057434,3,0,3,10
30,14,0.009277,9,0,3,14
30,12,0.033691,8,0,4,10
30,12,0.277344,6,0,2,14
30,11,0.195801,7,0,1,17
30,11,-0.126953,3,0,2,17
30,10,0.031250,6,0,3,17
30,13,0.014893,6,0,3,17
30,14,-0.267090,3,0,4,16
30,8,0.148438,3,0,3,16
30,11,0.068359,6,0,4,16
30,12,0.011475,5,0,2,16
30,15,-0.027333,11,0,2,21
30,15,-0.036667,8,0,4,21
30,15,-0.230667,5,0,4,21
30,11,0.500000,5,0,4,21
30,13,0.000000,10,0,3,18
30,10,-0.072266,5,0,1,18
30,10,0.000000,6,0,2,18
30,10,0.000000,6,0,3,18
30,9,0.000000,6,0,2,7
30,11,-0.250000,1,0,3,6
30,11,0.099609,3,0,4,7
30,10,0.500000,3,0,3,17
30,11,0.500000,1,0,4,13
30,13,-0.094238,5,0,4,13
30,19,0.021333,8,0,5,7
30,12,-0.093750,4,0,6,7
30,17,0.014667,12,0,2,11
30,13,-0.044067,6,0,3,11
30,13,-0.242188,1,0,6,12
30,8,-0.125000,1,0,4,11
30,14,-0.273315,6,0,3,22
30,13,0.089844,3,0,4,22
30,15,0.103333,7,0,3,22
30,14,0.143188,5,0,2,22
30,12,0.101562,6,0,4,24
30,11,-0.240234,6,0,4,24
30,13,0.122070,4,0,4,6
30,14,0.011292,8,0,3,24
30,10,-0.056641,4,0,2,17
30,18,0.094000,12,0,3,17
30,13,-0.059326,6,0,2,17
30,13,-0.500000,0,0,3,17
30,13,-0.204102,5,0,3,19
30,15,0.000667,10,0,3,19
30,9,0.253906,5,0,4,19
30,14,-0.004517,3,0,5,19
30,16,-0.154000,1,0,6,19
30,14,0.038330,8,0,5,19
30,12,0.138184,6,0,2,6
30,14,0.109131,5,0,2,19
30,10,-0.003906,4,0,3,22
30,13,0.109497,5,0,2,22
30,11,0.065430,2,0,3,22
30,10,0.289062,3,0,4,22
30,15,0.004667,5,0,4,21
30,16,0.288000,8,0,5,6
30,12,-0.100586,4,0,3,21
30,15,0.257333,6,0,3,21
30,15,0.026000,10,0,3,26
30,11,0.032227,3,0,2,26
30,15,0.172000,8,0,6,26
30,13,0.057617,3,0,4,26
30,16,-0.136000,7,0,4,13
30,13,0.230225,1,0,4,13
30,13,0.088867,5,0,4,17
30,13,-0.300781,2,0,5,13
30,14,0.138977,6,0,4,13
30,14,0.144775,2,0,1,6
30,11,-0.500000,0,0,4,13
30,12,0.129150,2,0,2,13
30,11,0.027344,8,0,4,15
30,15,0.104667,6,0,2,15
30,14,-0.125427,4,0,3,15
30,13,-0.124756,3,0,3,15
30,12,0.000000,3,0,3,15
30,18,0.030667,2,0,2,15
30,10,0.000000,5,0,2,15
30,11,0.000000,5,0,4,15
30,13,0.074219,7,0,2,17
30,11,0.017578,6,0,2,17
30,11,0.067871,5,0,2,17
30,12,0.023438,3,0,2,17
30,16,-0.196667,6,0,2,19
30,17,-0.007333,5,0,3,19
30,14,0.207031,4,0,3,19
30,16,-0.025333,9,0,2,19
30,15,0.228000,9,0,4,28
30,12,0.250000,6,0,3,28
30,14,0.000000,5,0,4,28
30,12,0.500000,9,0,4,28
30,11,-0.234375,2,0,3,19
30,12,-0.500000,3,0,3,7
30,16,0.030000,10,0,3,4
30,12,-0.130859,4,0,1,19
30,16,-0.052000,4,0,5,22
30,16,-0.046000,4,0,2,22
30,15,-0.145333,9,0,3,22
30,12,0.003906,8,0,3,22
30,13,0.261963,1,0,4,25
30,13,-0.500000,8,0,5,25
30,13,-0.190674,4,0,6,25
30,13,0.089478,4,0,4,25
30,12,0.000000,9,0,4,26
30,14,0.076660,10,0,4,26
30,15,0.235333,8,0,1,26
30,11,0.278320,2,0,2,26
30,12,-0.164062,2,0,3,26
30,15,-0.242667,5,0,3,26
30,12,-0.101562,5,0,7,26
30,12,-0.266602,4,0,4,26
30,14,0.000000,7,0,2,10
30,13,-0.136719,10,0,5,17
30,11,-0.324219,3,0,3,17
30,14,-0.126160,2,0,3,17
30,12,-0.375000,7,0,5,5
30,12,0.062500,2,0,2,12
30,12,-0.171875,5,0,7,12
30,13,0.500000,0,0,2,12
30,9,-0.097656,2,0,2,12
30,14,-0.046143,7,0,5,12
30,12,-0.076172,6,0,2,12
30,15,0.348000,8,0,3,12
30,12,0.500000,6,0,4,18
30,13,0.500000,5,0,3,12
30,11,0.196289,2,0,3,18
30,15,0.324667,7,0,3,12
30,13,-0.035156,3,0,3,25
30,15,0.021333,6,0,3,25
30,14,0.250000,10,0,3,25
30,14,-0.198547,1,0,3,25
30,10,-0.070312,2,0,8,16
30,8,-0.218750,4,0,2,16
30,11,0.211426,1,0,3,16
30,14,-0.112610,3,0,5,16
30,13,-0.375000,5,0,2,21
30,17,-0.178667,4,0,1,21
30,16,-0.204667,7,0,6,21
30,14,0.129639,7,0,4,21
30,14,0.359070,1,0,3,7
30,14,-0.136719,4,0,3,18
30,13,0.152344,2,0,2,18
30,14,-0.092285,4,0,2,18
30,12,0.232422,5,0,3,26
30,14,-0.074463,6,0,2,26
30,15,-0.252667,4,1,1,26
30,13,0.000000,1,0,3,26
30,13,0.250000,5,0,6,24
30,11,0.005859,5,0,2,24
30,11,0.325684,4,0,1,24
30,13,-0.115967,4,0,4,24
30,14,-0.050537,8,0,2,11
30,11,-0.328125,7,0,3,11
30,11,-0.044922,4,0,3,11
30,9,0.097656,5,0,2,11
30,13,-0.061157,5,0,4,19
30,11,0.284180,1,0,3,8
30,13,-0.029297,7,0,1,19
30,14,0.500000,0,0,3,19
30,12,0.500000,8,0,4,24
30,13,0.000000,2,0,4,24
30,14,0.000000,5,0,4,24
30,13,-0.119629,6,0,3,24
30,14,0.034668,3,0,3,12
30,9,0.500000,0,0,3,12
30,9,-0.382812,1,0,4,12
30,14,0.050659,7,0,5,12
30,13,-0.076172,8,0,3,9
30,9,0.000000,1,1,2,10
30,12,0.000000,2,0,5,9
30,12,-0.177490,4,0,3,10
30,12,-0.250000,1,0,5,28
30,13,0.072754,6,0,3,28
30,11,-0.230469,6,0,3,28
30,14,0.200195,2,0,2,28
30,15,-0.123333,1,0,3,10
30,12,0.092285,5,0,2,8
30,13,0.500000,0,0,4,10
30,11,0.014648,6,0,2,10
30,14,-0.071045,7,0,3,21
30,14,-0.132812,3,0,2,21
30,14,0.000000,6,0,1,21
30,14,0.039185,4,0,4,21
30,12,0.070312,8,0,3,18
30,14,-0.325439,11,0,6,18
30,13,0.500000,10,0,2,8
30,14,0.054199,8,0,2,18
30,11,0.000000,6,0,5,30
30,13,0.049805,3,0,3,30
30,9,-0.250000,7,1,2,30
30,15,-0.136667,8,0,4,30
30,13,0.031250,3,0,2,5
30,11,0.281250,3,0,4,17
30,10,0.070312,3,0,2,17
30,13,-0.066406,7,0,2,17
30,15,-0.053333,9,0,4,10
30,17,0.231333,5,0,1,15
30,9,-0.214844,3,0,3,15
30,15,-0.005333,8,0,5,15
30,10,0.201172,3,0,2,30
30,13,0.195312,6,0,3,30
30,12,-0.088867,9,0,4,30
30,11,0.039551,7,0,4,30
30,9,0.089844,3,0,4,20
30,13,-0.054077,6,0,2,20
30,12,0.000000,2,0,3,6
30,13,0.003906,9,0,2,6
30,16,-0.036667,10,0,5,11
30,13,-0.500000,0,0,4,9
30,12,-0.068359,3,0,3,11
30,13,-0.014648,6,0,5,11
30,14,-0.376953,2,0,2,11
30,9,0.257812,3,0,2,11
30,10,0.000000,1,0,5,11
30,11,0.205078,2,0,4,8
30,12,-0.013672,6,0,4,25
30,15,-0.258000,13,0,6,25
30,11,-0.041016,5,0,4,25
30,16,-0.180667,1,0,4,25
30,11,0.186035,7,0,2,18
30,11,0.138672,5,0,4,18
30,11,0.244141,2,0,2,18
30,12,-0.085938,8,0,1,18
30,12,0.038574,3,0,4,24
30,13,0.182495,1,0,2,24
30,13,0.120605,5,0,1,24
30,14,-0.500000,0,0,3,24
30,15,0.500000,0,0,2,8
30,12,0.500000,0,0,3,19
30,10,0.150391,6,0,3,19
30,13,0.250000,8,0,2,19
30,13,0.188477,3,0,3,24
30,10,-0.344727,6,0,4,24
30,15,0.193333,4,0,2,24
30,18,0.073333,5,0,2,24
30,14,0.151978,4,0,4,13
30,8,0.117188,4,0,1,13
30,15,-0.130000,6,0,4,13
30,18,0.240667,8,0,4,13
30,15,-0.012667,6,0,2,7
30,15,0.066000,6,0,3,10
30,17,-0.016000,4,0,3,10
30,11,-0.500000,1,0,4,10
30,12,0.080078,6,0,2,20
30,13,0.170898,1,0,4,20
30,14,-0.131592,8,0,4,20
30,9,0.296875,1,0,5,20
30,14,0.000366,4,0,2,8
30,10,-0.500000,3,0,4,17
30,15,-0.005333,8,0,4,17
30,15,0.500000,5,0,2,17
30,14,-0.044922,4,0,4,24
30,15,0.274667,5,0,2,24
30,13,-0.272461,4,0,3,24
30,15,0.126667,5,0,2,24
30,16,-0.020000,7,0,2,14
30,17,0.011333,9,0,3,7
30,13,0.500000,0,0,4,14
30,16,-0.089333,5,0,4,6
30,11,0.500000,0,0,5,16
30,14,-0.218628,1,0,5,16
30,8,0.500000,4,0,4,16
30,13,-0.013916,4,0,4,16
30,13,-0.250000,7,0,2,30
30,16,-0.046667,7,0,5,30
30,12,-0.500000,3,0,5,30
30,12,0.034180,4,0,4,30
30,11,-0.093750,4,1,2,15
30,11,0.292969,1,0,2,13
30,14,0.059814,4,0,2,13
30,15,0.206667,4,0,4,15
30,12,0.500000,6,0,3,16
30,14,0.058594,7,0,3,16
30,12,0.500000,0,0,2,16
30,12,-0.012207,5,0,1,16
30,13,-0.042236,6,0,4,13
30,10,0.203125,5,0,4,15
30,13,-0.028320,7,0,1,15
30,13,-0.028076,6,0,3,13
30,15,0.040000,2,0,3,17
30,16,0.266667,8,0,1,17
30,16,0.056000,8,0,4,17
30,12,-0.029053,2,0,3,17
30,10,-0.429688,1,0,3,8
30,13,0.013550,3,0,3,16
30,13,0.228271,1,0,3,16
30,12,0.000000,5,0,1,16
30,8,-0.226562,3,0,4,21
30,13,-0.090332,3,0,3,21
30,14,-0.250000,2,0,3,21
30,13,-0.156006,5,0,3,21
30,14,-0.019043,4,0,4,14
30,11,-0.150391,6,0,2,11
30,14,0.110718,7,0,4,11
30,13,-0.015625,5,0,2,14
30,14,0.000000,7,0,2,18
30,12,-0.062500,4,0,3,18
30,8,-0.117188,5,0,3,18
30,10,0.500000,0,0,4,18
30,16,-0.236000,2,0,4,26
30,12,0.000000,5,0,3,26
30,12,0.206055,3,0,2,26
30,15,0.104000,10,0,3,26
30,14,0.500000,9,0,4,21
30,12,-0.015381,6,0,2,21
30,15,-0.169333,11,0,3,6
30,13,-0.099609,2,0,3,21
30,14,0.025635,8,0,5,8
30,12,-0.156250,3,0,5,12
30,13,-0.044434,7,0,2,10
30,14,0.000000,9,0,2,10
30,14,-0.027344,3,0,2,23
30,12,0.177734,4,0,3,23
30,18,-0.194667,4,0,5,23
30,14,0.376221,6,0,4,23
30,13,-0.112671,3,0,2,19
30,10,-0.265625,3,0,6,19
30,12,-0.252930,6,0,5,19
30,14,0.500000,0,0,4,19
30,17,0.101333,2,0,3,18
30,14,-0.089355,3,0,3,18
30,13,-0.070923,5,0,3,18
30,15,0.224000,10,0,2,18
30,15,0.500000,7,0,3,15
30,14,0.094482,2,0,2,7
30,14,0.225220,4,0,2,15
30,14,0.000000,8,0,3,15
30,17,-0.068667,5,0,2,9
30,10,-0.082031,5,0,2,9
30,13,0.068115,2,0,4,12
30,12,-0.066406,7,0,2,12
30,12,-0.080078,3,0,4,21
30,13,-0.010986,8,0,3,21
30,14,0.066162,3,0,2,21
30,12,0.038086,7,0,4,21
30,12,0.165771,1,0,2,27
30,15,-0.320000,3,0,7,27
30,12,-0.000977,7,0,3,27
30,14,-0.226135,6,1,1,27
30,12,-0.076904,4,0,3,14
30,15,0.262000,7,0,3,14
30,10,-0.296875,2,0,4,9
30,13,-0.133789,8,0,2,9
30,14,0.014404,6,0,2,5
30,12,0.037109,4,0,4,7
30,11,0.000000,6,0,2,14
30,11,-0.500000,4,0,3,14
30,12,-0.500000,2,0,7,21
30,10,-0.023438,5,0,3,21
30,13,-0.318848,3,0,3,9
30,12,0.500000,0,0,2,9
30,14,0.000000,7,0,2,6
30,12,0.208496,7,0,4,24
30,12,0.000000,5,0,4,24
30,14,-0.113342,2,0,5,24
30,13,-0.125000,2,0,4,21
30,12,-0.148682,5,0,3,21
30,14,-0.018555,5,0,2,6
30,13,0.000000,5,0,3,21
30,11,0.218750,1,0,3,25
30,13,0.500000,6,0,4,25
30,13,-0.100830,2,0,3,25
30,13,-0.500000,5,0,3,25
30,12,-0.006348,9,0,2,20
30,11,0.019531,6,0,2,20
30,14,0.026611,4,0,1,8
30,17,-0.500000,0,0,6,8
30,13,-0.250000,7,0,4,28
30,12,0.500000,0,0,5,28
30,14,0.045898,5,0,1,28
30,12,-0.500000,0,0,5,28
30,10,-0.039062,7,0,1,26
30,11,-0.304688,4,0,4,26
30,12,-0.044922,6,0,3,26
30,11,-0.027344,3,0,4,26
30,10,0.500000,3,0,5,30
30,14,0.094238,8,0,2,30
30,14,-0.144287,7,0,4,30
30,7,-0.093750,3,0,4,30
30,14,0.067505,2,0,2,18
30,15,0.500000,0,0,3,18
30,13,-0.080322,3,0,3,12
30,16,0.252667,7,0,2,18
30,9,0.500000,0,0,1,26
30,12,-0.204834,9,0,5,26
30,14,-0.500000,0,0,4,26
30,11,-0.132812,4,0,5,26
30,10,0.191406,5,0,3,30
30,13,0.104980,3,0,1,30
30,14,0.432129,1,0,4,30
30,10,0.000000,2,0,3,30
30,16,-0.072667,3,0,4,23
30,14,0.255981,2,0,4,23
30,13,-0.195068,11,0,3,7
30,13,0.239502,4,0,5,23
30,14,0.176636,1,0,2,12
30,15,-0.087333,4,0,4,12
30,12,0.372070,2,0,3,10
30,15,0.152667,7,0,1,12
30,14,-0.108398,8,0,3,6
30,13,-0.250000,3,0,4,19
30,15,0.500000,0,0,4,19
30,15,-0.112667,5,0,3,19
30,14,0.000000,2,0,3,5
30,13,0.015015,3,0,3,10
30,10,-0.125000,3,0,2,10
30,13,0.021729,7,0,1,7
30,12,0.500000,2,0,3,21
30,10,-0.500000,0,0,4,21
30,15,0.058667,9,0,1,7
30,15,0.500000,0,0,3,21
30,12,-0.093750,8,0,2,27
30,13,-0.074707,6,0,1,27
30,14,-0.172729,8,0,3,27
30,14,-0.122375,3,0,3,27
30,13,-0.125000,8,0,2,17
30,11,-0.091797,4,1,5,17
30,13,0.059814,6,0,3,17
30,12,0.002441,4,0,3,17
30,12,-0.198242,6,0,4,15
30,14,-0.146912,8,0,4,10
30,9,-0.042969,4,0,4,15
30,12,0.500000,0,0,3,15
30,13,0.069824,6,0,2,30
30,13,0.000000,7,0,4,30
30,13,-0.016846,5,0,2,30
30,12,0.000000,5,0,3,30
30,14,0.155640,5,0,5,10
30,15,0.322000,10,0,3,9
30,13,0.134766,8,0,2,9
30,10,0.500000,4,0,3,9
30,10,0.030273,6,0,4,15
30,14,0.040771,10,0,4,15
30,13,-0.246094,3,0,3,15
30,11,0.119141,6,0,3,15
30,11,-0.151367,1,0,2,24
30,13,0.224609,5,0,3,24
30,13,0.033203,3,0,2,24
30,14,-0.306030,9,0,5,24
30,13,-0.011353,4,0,2,10
30,12,0.019531,7,0,2,10
30,9,0.156250,2,0,2,15
30,10,0.035156,4,0,4,15
30,11,0.037109,2,0,2,18
30,11,0.500000,0,0,2,18
30,12,0.017822,8,0,2,18
30,16,0.500000,4,0,4,4
30,15,-0.184667,6,0,2,30
30,10,-0.117188,5,0,4,30
30,12,0.299316,4,0,3,30
30,12,-0.500000,2,0,6,30
30,10,-0.304688,5,0,4,10
30,14,0.060547,5,0,2,11
30,10,-0.500000,0,0,2,9
30,14,-0.025635,7,0,3,10
30,12,0.500000,0,0,1,16
30,11,0.074219,5,0,5,16
30,17,0.304667,1,0,3,11
30,14,-0.039795,7,0,4,11
30,14,-0.002502,3,0,2,10
30,11,0.196289,5,0,2,11
30,12,-0.094727,2,0,4,10
30,8,0.187500,3,0,3,10
30,12,0.500000,0,0,3,23
30,16,-0.008000,7,0,2,23
30,13,0.500000,5,0,5,23
30,15,-0.328667,4,0,4,23
30,13,-0.013672,5,0,3,8
30,13,-0.076660,9,0,3,9
30,11,0.500000,0,0,1,8
30,11,0.218750,5,0,3,11
30,12,0.078125,6,0,3,27
30,13,0.161255,7,0,2,27
30,14,0.500000,0,0,3,27
30,13,0.000000,3,0,2,27
30,11,-0.250000,4,0,4,18
30,14,-0.294434,1,0,3,18
30,10,0.000000,1,1,1,18
30,14,0.012695,6,0,5,18
30,16,0.005333,8,0,3,17
30,11,0.000000,4,0,2,17
30,10,0.207031,1,0,4,17
30,11,-0.083984,5,0,3,17
30,16,0.043333,5,0,3,27
30,16,0.134000,8,0,2,27
30,15,-0.118000,9,0,4,27
30,14,-0.190430,2,0,4,27
30,16,0.200667,7,0,2,23
30,12,-0.073242,2,0,2,23
30,12,-0.063477,4,0,3,23
30,14,0.124512,6,0,2,23
30,14,0.000549,8,0,2,15
30,12,0.358887,1,0,4,15
30,10,-0.197266,1,0,3,15
30,15,-0.137333,7,0,3,15
30,12,0.000000,4,0,3,12
30,10,-0.250000,6,0,6,12
30,16,0.016000,11,0,2,18
30,14,-0.500000,3,0,3,18
30,14,-0.000488,6,0,2,23
30,14,0.000000,6,0,4,23
30,13,0.250000,8,0,5,23
30,15,0.020667,6,0,4,23
30,14,-0.077637,10,0,4,23
30,11,0.000000,5,0,4,23
30,13,-0.260620,8,0,3,23
30,14,-0.036377,7,0,5,23
30,11,0.011719,7,0,2,27
30,15,0.067333,4,0,4,27
30,12,0.500000,1,0,3,27
30,17,-0.124667,2,0,2,27
30,15,-0.087333,7,0,4,7
30,13,0.252197,5,0,4,8
30,17,-0.013333,8,0,3,7
30,12,0.192871,2,0,2,8
30,12,0.158447,3,0,1,18
30,11,0.500000,6,0,3,12
30,7,0.125000,2,0,3,12
30,15,0.230000,7,0,3,18
30,16,0.018000,9,0,3,10
30,13,0.000000,4,0,3,11
30,13,-0.243652,1,0,3,11
30,13,-0.500000,7,0,7,5
30,14,-0.044861,5,0,2,30
30,10,-0.048828,5,0,3,30
30,11,-0.093750,9,0,3,30
30,12,-0.035156,6,0,2,30
30,13,0.000000,5,0,3,20
30,13,-0.219238,1,0,5,20
30,13,-0.269287,2,0,4,20
30,12,-0.183594,1,0,5,20
30,14,-0.278198,9,1,2,18
30,16,-0.077333,9,0,7,18
30,17,-0.037333,9,0,5,18
30,12,-0.297852,4,0,3,18
30,11,-0.031250,10,0,4,15
30,12,0.167236,4,0,2,15
30,8,-0.101562,2,0,3,15
30,11,0.500000,1,0,3,15
30,13,0.074219,6,0,1,23
30,12,0.000000,10,0,2,23
30,14,0.311096,4,0,2,23
30,14,0.000000,4,0,2,23
30,11,-0.098633,2,0,5,11
30,10,0.000000,6,0,2,13
30,12,0.088867,2,0,1,13
30,15,-0.041333,4,0,1,11
30,15,-0.127333,3,0,4,13
30,12,0.123047,4,0,1,13
30,15,-0.136667,6,0,4,13
30,16,0.000000,6,0,1,13
30,13,0.000000,7,0,2,12
30,12,-0.105469,1,0,3,12
30,13,0.000000,10,0,2,15
30,11,0.214844,6,0,6,15
30,16,-0.110000,10,0,4,19
30,15,0.500000,5,0,3,19
30,16,0.101333,3,0,5,19
30,12,-0.111328,8,0,2,19
30,13,-0.166992,2,0,3,11
30,14,-0.108276,6,0,4,11
30,12,0.000000,10,0,3,11
30,15,0.014000,6,0,3,11
30,15,0.267333,1,0,3,25
30,13,0.194458,7,0,3,25
30,10,0.119141,4,0,3,25
30,12,-0.047607,3,0,4,25
30,16,-0.150000,6,0,3,24
30,9,0.500000,0,0,1,24
30,15,-0.072000,4,0,3,24
30,13,-0.112793,4,0,4,24
30,16,0.005333,3,0,3,12
30,16,-0.080667,9,0,5,12
30,14,0.000000,9,0,4,12
30,13,-0.160889,7,0,4,8
30,14,0.103516,4,0,3,14
30,13,0.500000,0,0,4,14
30,9,0.359375,1,0,1,14
30,14,0.180847,5,0,1,14
30,16,-0.010667,9,0,2,27
30,11,0.500000,5,0,4,27
30,14,0.000000,4,0,3,27
30,10,0.500000,5,0,2,27
30,11,0.044434,2,0,3,14
30,14,-0.130859,4,0,2,14
30,14,0.150146,4,0,3,10
30,12,-0.002197,7,0,3,14
30,13,-0.164795,2,0,4,24
30,15,0.500000,0,0,2,24
30,12,0.500000,4,0,4,24
30,16,0.500000,0,0,4,24
30,12,-0.066406,5,0,5,25
30,9,-0.062500,4,0,3,25
30,15,0.042000,6,0,4,25
30,14,0.321472,2,0,2,25
30,16,-0.140000,1,0,2,12
30,13,-0.154785,2,0,4,18
30,14,0.043945,5,0,2,12
30,10,-0.064453,4,0,2,18
30,12,-0.007812,7,0,2,8
30,14,-0.161499,3,0,5,8
30,11,0.019043,4,0,4,8
30,10,0.283203,6,0,4,8
30,16,0.500000,9,0,4,13
30,9,0.035156,6,0,3,13
30,11,-0.092773,2,0,2,13
30,11,-0.310547,1,0,2,11
30,13,0.074463,3,0,2,21
30,13,0.000000,2,0,5,21
30,16,0.110000,5,0,5,21
30,15,0.105333,3,0,1,21
30,14,-0.019165,3,0,1,8
30,15,0.021333,6,0,4,10
30,14,-0.105408,3,0,4,12
30,16,0.500000,0,0,2,10
30,15,-0.090667,2,0,1,19
30,14,0.500000,0,0,4,19
30,13,0.500000,0,0,5,19
30,13,-0.043701,2,0,3,19
30,9,0.310547,7,0,3,16
30,8,0.000000,3,0,1,16
30,13,0.048706,7,0,2,16
30,15,-0.163333,1,0,4,6
30,16,-0.199333,1,0,3,5
30,10,0.179688,1,0,3,18
30,13,0.403931,7,0,2,18
30,13,-0.060547,9,0,2,18
30,14,0.500000,0,0,5,6
30,10,0.093750,3,0,3,12
30,11,-0.111328,4,0,1,12
30,15,-0.004667,7,0,2,6
30,12,0.126953,3,0,2,26
30,14,0.070435,10,0,3,26
30,15,-0.002000,4,0,2,26
30,15,-0.058667,7,0,1,26
30,13,0.000000,8,0,3,13
30,7,-0.250000,4,1,1,12
30,13,-0.199707,6,0,5,13
30,15,-0.129333,10,0,5,12
30,19,0.019333,5,0,2,21
30,16,-0.015333,7,0,3,21
30,10,-0.016602,6,0,1,7
30,15,0.177333,1,0,4,7
30,14,0.189575,5,0,3,20
30,11,0.092773,3,0,2,20
30,13,0.034180,4,0,2,20
30,12,-0.042969,8,0,2,20
30,12,0.046631,9,0,3,14
30,13,-0.134766,6,0,4,14
30,12,0.185059,5,0,4,16
30,11,0.000000,10,0,4,14
30,15,-0.141333,5,0,4,10
30,15,-0.058000,4,0,4,10
30,9,0.000000,6,0,4,11
30,14,0.153442,6,0,4,10
30,9,0.007812,5,0,3,12
30,10,0.000000,7,0,4,12
30,11,-0.125000,6,0,2,11
30,13,0.156738,7,0,3,11
30,12,0.220703,2,0,2,22
30,13,0.002441,6,0,1,22
30,9,0.000000,5,0,3,22
30,13,0.250000,4,0,2,22
30,16,-0.084000,8,0,4,11
30,10,-0.125977,1,0,3,14
30,12,0.500000,5,0,5,14
30,14,0.500000,0,0,3,11
30,10,0.021484,4,0,2,30
30,11,0.176270,4,0,2,30
30,12,0.000000,6,0,3,30
30,11,0.224609,7,0,3,30
30,15,0.072667,7,0,2,15
30,10,0.234375,2,0,2,15
30,9,0.250000,7,0,4,15
30,14,-0.213379,6,1,2,15
30,14,-0.206909,5,0,5,13
30,12,0.500000,8,0,4,13
30,11,0.500000,5,0,3,13
30,15,0.094000,3,0,1,13
30,12,-0.058594,7,0,2,13
30,14,0.062805,8,0,2,13
30,15,0.225333,3,0,5,11
30,14,-0.055908,5,0,4,13
30,12,0.099365,4,0,2,25
30,8,0.000000,6,0,1,25
30,15,-0.051333,10,0,1,25
30,11,-0.160156,3,0,4,25
30,13,-0.208984,2,0,4,30
30,12,0.101562,9,0,2,30
30,13,0.298950,6,0,3,30
30,12,0.238770,9,0,1,30
30,13,-0.110352,5,0,4,12
30,13,-0.055542,6,0,3,12
30,13,0.206543,6,0,4,18
30,15,0.129333,5,0,4,18
30,14,-0.204712,4,0,3,28
30,17,-0.237333,10,0,4,28
30,15,0.002667,10,0,3,28
30,16,0.300667,1,0,5,28
30,16,-0.031333,5,0,5,11
30,11,-0.003906,6,0,3,5
30,12,-0.208984,3,0,4,7
30,15,0.018667,6,0,3,11
30,14,0.034180,4,0,3,12
30,15,0.042667,8,0,1,14
30,13,0.114746,8,0,4,14
30,8,0.109375,4,0,2,14
30,11,0.160156,2,0,1,16
30,12,-0.250000,8,0,4,16
30,16,-0.080000,6,0,3,16
30,7,-0.171875,4,0,3,6
30,12,0.500000,7,0,4,26
30,12,0.500000,4,0,3,26
30,15,-0.097333,4,0,3,26
30,9,0.132812,6,0,3,26
30,13,0.132812,7,0,2,16
30,10,-0.113281,4,0,3,16
30,12,-0.007324,3,0,4,16
30,12,0.110352,3,0,3,16
30,11,-0.235352,5,1,1,23
30,16,-0.189333,10,1,2,23
30,15,0.500000,9,0,3,23
30,15,0.076000,5,0,1,23
30,14,0.028809,7,0,2,18
30,10,0.000000,6,0,4,18
30,15,-0.100000,6,0,3,18
30,13,0.000000,10,0,3,10
30,12,-0.185547,1,0,3,13
30,11,0.134766,4,0,3,13
30,11,-0.153809,9,0,1,13
30,17,-0.258667,6,0,7,13
30,12,0.000000,1,0,5,12
30,10,-0.250000,1,0,2,7
30,9,0.085938,1,0,1,12
30,11,0.091797,4,0,4,12
30,12,0.142578,2,0,4,24
30,11,0.003906,5,0,4,24
30,14,-0.370850,6,0,5,24
30,12,-0.058594,3,0,6,24
30,13,0.078125,5,0,2,25
30,12,-0.156738,1,0,4,25
30,9,0.500000,3,0,4,25
30,11,0.064941,6,0,3,25
30,14,-0.008789,4,0,5,25
30,8,0.003906,2,0,3,25
30,14,-0.190430,4,0,3,25
30,11,-0.152832,2,0,2,25
30,13,0.500000,8,0,2,10
30,16,0.238667,7,0,3,20
30,17,0.032000,10,0,1,10
30,16,0.500000,0,0,2,10
30,14,0.000000,7,0,3,17
30,14,0.298462,10,0,3,13
30,11,0.125000,4,0,3,17
30,11,0.500000,0,0,3,17
30,15,0.168667,3,0,5,30
30,13,-0.133667,5,0,3,30
30,15,0.296667,7,0,3,30
30,14,0.255981,5,0,2,30
30,11,0.180664,3,0,4,22
30,13,-0.158813,1,0,2,22
30,12,0.250000,3,0,2,22
30,10,0.345703,2,0,4,22
30,14,0.500000,3,0,3,11
30,12,0.042969,4,0,3,11
30,14,0.500000,0,0,4,11
30,13,0.177734,5,0,1,8
30,11,-0.079590,8,0,2,25
30,12,0.000000,7,0,4,25
30,11,0.069336,7,0,4,25
30,13,0.000000,2,0,5,25
30,10,0.000000,1,1,1,13
30,12,-0.060547,2,0,6,13
30,14,0.500000,7,0,3,13
30,13,-0.153320,2,0,4,11
30,11,-0.248047,8,1,2,18
30,11,0.144531,1,0,2,18
30,14,-0.132690,8,0,5,18
30,13,0.295654,3,0,2,18
30,14,-0.050598,9,0,4,26
30,13,-0.133789,4,0,3,26
30,15,-0.500000,0,0,5,26
30,12,-0.250000,9,0,3,26
30,12,0.030273,3,0,3,18
30,14,0.500000,0,0,2,18
30,13,-0.096191,1,0,2,18
30,13,-0.117310,4,0,1,18
30,13,-0.126953,5,0,4,26
30,14,0.000000,2,0,3,26
30,13,0.092041,7,0,3,26
30,14,0.234009,8,0,4,26
30,12,0.000000,1,0,2,21
30,13,-0.025635,5,0,4,21
30,12,0.127930,2,0,3,21
30,14,0.000000,8,0,3,21
30,11,0.000000,1,1,1,12
30,15,-0.049333,11,0,4,12
30,12,0.008789,2,0,3,9
30,12,-0.037109,5,0,3,9
30,14,0.500000,4,0,2,20
30,12,0.094727,5,0,5,20
30,11,-0.150391,3,0,4,20
30,15,0.223333,1,0,3,20
30,11,0.085938,5,0,2,20
30,16,-0.013333,13,0,2,10
30,12,0.086914,3,0,3,10
30,11,-0.250000,6,0,3,10
30,13,-0.223389,1,0,2,30
30,9,-0.156250,1,0,5,30
30,16,-0.056667,5,0,4,30
30,14,-0.059570,4,0,3,30
30,12,-0.250000,7,0,5,22
30,15,0.162000,7,0,2,22
30,14,0.193115,6,0,3,22
30,14,-0.018860,5,0,2,22
30,13,0.201904,4,0,2,19
30,16,0.172667,3,0,4,19
30,11,-0.015625,5,0,5,19
30,11,-0.283203,5,1,4,19
30,13,0.148682,3,0,1,10
30,11,-0.015625,5,0,2,20
30,15,0.054667,10,0,2,10
30,13,0.216187,8,0,2,20
30,12,0.164062,4,0,2,24
30,9,-0.253906,2,0,2,24
30,13,0.250000,4,0,3,24
30,12,0.500000,3,0,2,24
30,9,-0.250000,6,1,3,20
30,15,-0.053333,7,0,2,20
30,13,-0.131226,9,0,3,20
30,15,-0.124667,4,0,5,20
30,11,-0.058594,6,0,3,30
30,14,-0.042969,8,0,2,30
30,16,-0.058667,7,0,2,30
30,12,0.500000,3,0,6,30
30,13,0.372681,4,0,2,21
30,14,0.030029,2,0,2,21
30,14,0.237061,9,0,2,21
30,14,-0.068604,6,0,3,21
30,13,-0.041748,7,0,1,23
30,13,-0.047607,9,0,1,23
30,11,-0.015625,7,0,3,23
30,12,0.219238,8,0,3,23
30,11,-0.070312,5,0,3,11
30,15,0.309333,1,0,4,5
30,12,0.125000,1,0,4,11
30,12,-0.180664,2,0,3,11
30,11,0.145508,7,0,3,24
30,13,-0.096680,5,0,4,24
30,13,0.238281,5,0,3,24
30,14,0.000000,2,0,3,24
30,14,0.086914,2,0,2,18
30,8,-0.031250,3,0,5,18
30,12,0.156250,7,0,2,18
30,11,0.500000,0,0,2,18
30,12,0.042725,4,0,4,17
30,14,-0.008606,4,0,1,17
30,15,-0.028667,6,0,4,17
30,14,0.500000,4,0,3,17
30,11,0.500000,4,0,3,30
30,15,0.500000,1,0,2,30
30,16,0.500000,0,0,3,30
30,13,0.500000,5,0,3,30
30,14,-0.080322,7,0,3,6
30,11,0.289062,1,0,3,13
30,10,0.000000,2,0,5,6
30,13,-0.246704,6,0,2,13
30,15,-0.048000,8,0,3,21
30,16,-0.146667,8,0,2,21
30,16,0.241333,1,0,4,21
30,13,-0.195312,4,0,4,5
30,13,0.051392,6,0,4,15
30,11,0.003906,4,0,3,15
30,15,0.500000,5,0,4,15
30,11,0.058594,3,0,3,15
30,14,-0.036255,7,0,4,30
30,13,0.204346,7,0,2,30
30,10,0.140625,1,0,5,30
30,16,0.061333,5,0,3,30
30,18,0.032667,8,0,4,9
30,14,-0.187561,7,1,4,9
30,17,0.010000,10,0,4,8
30,11,0.500000,4,0,3,11
30,12,0.093750,3,0,3,21
30,11,0.104980,6,0,2,21
30,14,-0.013184,8,0,1,21
30,12,-0.148193,7,0,2,21
30,11,-0.500000,4,0,4,15
30,11,0.252441,1,0,3,15
30,18,-0.168667,12,0,3,15
30,12,-0.187500,4,0,2,15
30,12,0.009766,5,0,2,30
30,14,0.074219,6,0,3,30
30,11,-0.210938,3,0,4,30
30,15,-0.050667,4,0,3,30
30,14,0.082764,2,0,1,16
30,15,0.023333,3,0,2,16
30,13,0.126221,3,0,6,16
30,12,-0.024902,8,0,2,16
30,13,-0.116211,5,0,3,14
30,12,0.016113,6,0,2,14
30,16,0.252000,7,0,2,14
30,12,0.148438,3,0,2,14
30,10,0.070312,5,0,2,16
30,9,0.000000,1,0,4,11
30,12,-0.500000,1,0,3,16
30,11,-0.083008,9,0,4,11
30,16,0.500000,0,0,4,17
30,12,0.000000,6,0,4,17
30,14,-0.061523,7,0,2,9
30,10,0.074219,6,0,2,17
30,15,0.076667,6,0,3,22
30,15,0.068000,5,0,5,22
30,13,0.021240,7,0,1,8
30,14,-0.103027,2,0,2,22
30,11,-0.207031,7,0,1,9
30,11,-0.007812,7,0,2,15
30,13,0.500000,7,0,2,15
30,12,-0.166504,6,0,3,15
30,15,0.184000,6,0,3,14
30,16,0.108667,8,0,3,13
30,11,0.268066,3,0,3,14
30,15,-0.248667,1,0,3,13
30,13,-0.035156,7,0,4,15
30,12,-0.055664,3,0,6,8
30,13,-0.010742,6,0,3,15
30,13,0.225708,4,0,4,15
30,10,0.056641,5,0,2,26
30,14,-0.028809,8,0,2,26
30,14,-0.174133,3,1,2,26
30,13,0.500000,0,0,2,26
30,13,0.000000,7,0,5,23
30,15,-0.500000,0,0,5,23
30,14,0.061951,6,0,2,23
30,11,-0.095703,7,0,3,23
30,9,-0.320312,1,0,3,7
30,16,0.000000,6,0,1,7
30,12,-0.500000,4,0,5,7
30,16,-0.021333,5,0,5,7
30,13,0.500000,0,0,2,15
30,14,0.125000,2,0,2,15
30,12,0.056152,8,0,4,15
30,12,0.500000,0,0,1,11
30,11,-0.090820,1,0,3,15
30,13,0.003906,10,0,3,15
30,11,0.041016,6,0,4,15
30,11,0.090820,5,0,4,15
30,11,0.078613,2,0,4,17
30,13,0.016602,4,0,1,17
30,12,0.010010,4,0,1,17
30,13,0.132812,2,0,3,17
30,9,0.097656,3,0,3,12
30,15,-0.008000,9,0,4,12
30,14,-0.113525,2,1,4,12
30,12,0.000000,2,0,2,8
30,12,0.000000,5,0,4,5
30,12,-0.320312,3,0,4,7
30,12,0.328125,7,0,3,7
30,14,-0.324463,6,0,4,7
30,10,-0.166016,6,0,3,20
30,12,-0.050781,2,0,2,20
30,13,0.500000,0,0,3,20
30,13,0.166748,3,0,4,20
30,10,-0.187500,6,1,3,27
30,14,0.038818,8,0,1,27
30,12,0.073486,4,0,1,27
30,10,0.500000,0,0,3,27
30,12,0.000000,8,0,2,15
30,14,0.500000,0,0,3,15
30,12,0.047119,8,0,3,11
30,13,0.061768,6,0,3,11
30,13,0.266113,1,0,6,13
30,14,0.500000,7,0,4,11
30,14,0.117188,4,0,4,11
30,13,-0.062500,5,0,7,11
30,11,-0.125000,4,0,4,15
30,10,-0.171875,1,0,6,15
30,10,-0.108398,4,0,3,15
30,16,0.249333,1,0,1,5
30,12,-0.125000,7,0,5,23
30,15,0.158667,3,0,6,23
30,13,0.020020,5,0,2,23
30,14,-0.048584,5,0,2,23
30,12,0.000000,5,0,2,28
30,14,-0.151917,2,0,3,28
30,12,0.000000,3,0,2,28
30,8,-0.500000,6,0,4,28
30,13,-0.191772,3,0,3,6
30,11,-0.375000,1,0,4,24
30,12,0.062988,4,0,2,24
30,11,0.132812,5,0,3,24
30,9,0.140625,3,0,2,24
30,14,0.129883,5,0,4,24
30,13,0.000000,9,0,4,24
30,10,0.267578,7,0,2,24
30,13,0.017212,5,0,3,7
30,12,0.145508,5,0,4,7
30,10,-0.230469,5,0,4,4
30,14,0.024658,5,0,2,5
30,11,-0.500000,5,0,4,26
30,11,0.500000,0,0,2,26
30,14,0.251953,6,0,3,26
30,14,-0.227295,1,0,5,26
30,13,0.142334,9,0,1,17
30,11,0.261719,3,0,3,9
30,12,0.127930,2,0,4,17
30,9,0.091797,3,0,3,17
30,12,0.036621,5,0,3,18
30,14,0.000000,10,0,2,18
30,12,0.500000,5,0,4,12
30,11,0.000000,4,0,4,18
30,11,-0.145020,7,0,1,16
30,11,0.027344,4,0,4,16
30,14,0.500000,6,0,6,16
30,16,-0.132000,9,0,4,14
30,15,-0.264667,6,0,5,19
30,14,-0.057495,3,0,2,19
30,11,0.188477,7,0,4,19
30,11,-0.133789,4,0,4,19
30,13,-0.005615,4,0,3,17
30,9,-0.343750,5,0,5,17
30,13,0.500000,0,0,3,17
30,15,0.040000,4,0,2,17
30,11,-0.279297,1,0,3,19
30,14,-0.161194,8,0,3,19
30,16,0.000667,2,0,2,11
30,10,0.191406,2,0,1,19
30,10,-0.117188,2,0,5,18
30,11,0.263672,7,0,4,18
30,13,0.115234,6,0,3,18
30,10,0.164062,4,0,4,18
30,12,-0.049805,5,0,3,12
30,15,0.500000,3,0,3,12
30,11,0.000000,4,0,4,8
30,13,-0.010498,7,0,2,12
30,13,0.114014,2,0,2,16
30,10,-0.371094,3,0,4,8
30,13,-0.053345,4,0,1,16
30,11,0.073242,6,0,3,16
30,11,0.027832,2,0,3,10
30,15,-0.003333,8,0,2,12
30,13,0.173096,1,0,3,10
30,12,-0.197266,5,0,5,12
30,13,-0.229736,1,0,5,24
30,11,0.053711,4,0,3,24
30,14,0.130798,8,0,3,24
30,12,0.000000,3,0,2,24
30,16,-0.107333,7,0,4,18
30,15,0.222667,1,0,4,18
30,15,-0.038000,6,0,1,18
30,12,0.000000,6,0,3,18
30,10,-0.375000,3,1,3,28
30,13,0.500000,3,0,3,28
30,14,-0.055969,3,0,1,28
30,12,0.000000,3,0,3,28
30,14,-0.060059,8,0,1,30
30,10,-0.312500,3,0,8,30
30,11,-0.250000,7,0,3,30
30,12,-0.322998,3,0,3,30
30,12,0.500000,0,0,3,18
30,10,-0.141602,4,0,2,18
30,14,-0.013184,6,0,5,18
30,11,0.130859,6,0,2,18
30,12,0.051025,3,0,4,16
30,13,0.099609,5,0,4,9
30,10,0.289062,2,0,5,16
30,12,0.154053,5,0,1,16
30,13,0.000000,4,0,1,18
30,12,0.058594,6,0,2,18
30,15,-0.402000,2,0,4,18
30,13,0.500000,6,0,3,18
30,16,-0.102000,7,0,4,30
30,11,0.125000,4,0,2,30
30,11,-0.017578,5,0,3,30
30,12,-0.113281,5,0,3,30
30,14,0.000000,6,0,3,23
30,11,-0.178711,5,0,4,23
30,11,-0.156738,5,0,3,23
30,12,0.000000,5,0,1,23
30,13,-0.010010,5,0,4,25
30,12,-0.078125,5,0,3,25
30,15,-0.006667,5,0,2,25
30,13,-0.097412,4,0,3,25
30,16,-0.500000,0,0,2,8
30,11,0.253906,6,0,2,8
30,11,0.116211,5,0,4,11
30,11,-0.167969,7,0,4,8
30,15,0.038000,9,0,4,4
30,12,-0.172363,3,0,4,12
30,14,-0.003906,5,0,4,12
30,12,-0.130859,2,1,3,12
30,14,0.303589,6,0,4,10
30,15,-0.204667,9,0,3,13
30,16,0.018667,6,0,2,13
30,14,0.154053,3,0,3,10
30,12,0.500000,6,0,4,14
30,16,0.013333,8,0,5,14
30,16,0.139333,11,0,4,14
30,14,0.134644,9,0,4,14
30,11,0.067871,5,0,3,19
30,17,0.105333,5,0,6,19
30,15,0.500000,0,0,3,19
30,15,-0.322667,9,1,1,19
30,12,-0.189453,7,0,4,27
30,14,0.142090,5,0,3,27
30,14,0.000000,4,0,2,27
30,12,-0.148438,3,0,4,27
30,15,0.026667,9,0,2,21
30,12,-0.167480,10,0,4,21
30,12,0.089355,8,0,4,21
30,8,-0.101562,5,0,4,21
30,10,-0.068359,2,0,4,7
30,10,-0.039062,6,0,1,14
30,13,0.014160,5,0,2,14
30,8,0.101562,3,0,3,14
30,15,0.046000,8,0,1,21
30,11,0.250000,7,0,3,21
30,9,0.500000,0,0,3,21
30,15,0.263333,4,0,3,21
30,12,-0.313477,7,1,1,10
30,15,-0.154000,4,0,5,15
30,14,0.074524,7,0,2,15
30,13,0.429199,10,0,2,15
30,13,0.042480,3,0,2,28
30,11,0.234375,5,0,3,28
30,13,0.053345,2,0,1,28
30,13,0.500000,0,0,4,28
30,14,0.500000,6,0,4,27
30,11,0.298828,8,0,3,27
30,15,0.158000,5,0,4,27
30,12,0.070557,6,0,2,27
30,16,-0.184667,10,0,1,8
30,11,0.000000,6,0,2,8
30,13,0.119995,6,0,2,9
30,12,-0.006836,4,0,4,8
30,17,-0.155333,10,0,4,13
30,14,-0.239990,7,0,5,6
30,14,-0.072266,9,0,2,13
30,12,-0.260742,1,0,4,13
30,12,0.066650,3,0,3,15
30,12,0.250000,5,0,3,15
30,15,0.148667,9,0,2,12
30,15,0.006000,4,0,3,15
30,13,-0.122070,2,0,4,12
30,11,0.000000,4,0,2,12
30,14,-0.041748,3,0,3,12
30,13,-0.500000,0,0,2,4
30,11,-0.345215,5,0,4,24
30,13,-0.252686,2,0,4,24
30,14,-0.020996,7,0,3,24
30,14,-0.152405,9,0,4,24
30,14,-0.151367,2,0,4,12
30,12,0.000000,2,0,2,13
30,12,-0.349121,1,0,5,13
30,10,-0.500000,5,0,4,13
30,11,0.166016,1,0,2,18
30,11,0.184082,3,0,3,18
30,13,0.000000,3,0,2,18
30,12,-0.125000,7,1,1,18
30,12,0.093750,7,0,2,12
30,10,-0.246094,5,0,3,12
30,12,0.010498,4,0,4,7
30,11,0.068848,5,0,4,12
30,14,0.052002,9,0,2,28
30,9,0.000000,3,0,2,28
30,14,-0.110840,3,0,5,28
30,13,0.170044,1,0,1,28
30,11,-0.278809,5,0,2,17
30,13,0.000000,4,0,3,17
30,17,-0.004667,3,0,3,17
30,17,-0.314667,7,0,2,17
30,13,-0.097656,5,0,5,20
30,11,0.182617,5,0,3,20
30,11,0.000000,3,0,2,20
30,10,0.000000,1,1,4,20
30,13,0.095703,6,0,4,24
30,8,0.250000,7,0,3,24
30,15,-0.115333,3,0,3,24
30,11,-0.113281,2,0,4,24
30,18,-0.090000,7,0,1,16
30,12,0.076660,3,0,1,10
30,11,-0.031250,5,0,3,10
30,13,-0.155762,4,0,2,16
30,14,0.085815,5,0,3,13
30,14,0.021240,2,0,2,11
30,9,0.250000,1,0,4,11
30,14,-0.019897,6,0,1,13
30,12,0.000000,3,0,3,13
30,16,0.110667,2,0,1,13
30,11,0.000000,5,0,3,13
30,9,0.000000,4,0,4,13
30,11,0.200195,4,0,3,16
30,10,0.047852,6,0,2,16
30,10,-0.070312,3,0,4,16
30,12,0.253906,1,0,3,16
30,13,0.000000,5,0,3,27
30,14,0.000000,3,0,4,27
30,14,0.068359,5,0,5,27
30,16,-0.500000,3,0,5,27
30,12,-0.500000,9,0,4,5
30,13,-0.030273,4,0,3,25
30,11,0.500000,0,0,5,25
30,13,-0.126465,2,0,3,25
30,12,-0.134277,5,0,4,13
30,14,0.000000,8,0,1,11
30,14,-0.032654,8,0,3,13
30,11,-0.041016,4,0,2,13
30,10,-0.109375,8,0,3,26
30,17,-0.007333,10,0,3,26
30,17,-0.263333,7,0,4,26
30,14,0.000000,5,0,3,26
30,9,-0.117188,4,0,4,16
30,14,-0.155029,2,0,2,16
30,16,0.198000,2,0,3,16
30,12,-0.125000,2,1,3,16
30,15,0.010000,7,0,2,28
30,14,0.120117,4,0,4,28
30,10,0.051758,7,0,3,28
30,13,0.310547,2,0,2,28
30,11,-0.281250,7,0,3,17
30,8,-0.171875,1,0,3,17
30,19,-0.278000,1,0,3,17
30,11,0.250000,3,0,4,17
30,15,-0.148667,8,0,4,16
30,12,-0.050781,6,0,2,7
30,18,-0.000667,6,0,5,16
30,16,0.000000,9,0,3,16
30,9,0.109375,4,0,4,20
30,13,0.177490,2,0,5,20
30,15,0.006000,5,0,5,20
30,16,-0.329333,1,0,4,20
30,13,-0.109375,4,0,3,17
30,12,0.021484,3,0,3,17
30,16,-0.043333,4,0,5,17
30,12,0.000000,3,0,3,17
30,16,0.211333,6,0,2,17
30,12,0.156250,8,0,3,17
30,10,0.378906,3,0,2,13
30,17,0.330000,15,0,2,17
30,14,0.001953,9,0,5,16
30,14,0.290039,1,0,3,16
30,11,0.084961,6,0,5,16
30,10,-0.500000,2,0,9,16
30,17,-0.266667,1,0,5,14
30,14,-0.500000,0,0,2,16
30,14,0.099854,6,0,2,16
30,13,-0.102539,7,0,3,16
30,10,0.000000,3,0,1,30
30,13,0.103760,5,0,4,30
30,15,0.041333,7,0,3,30
30,14,-0.006042,8,0,3,30
30,13,0.098145,4,0,1,17
30,15,0.023333,9,0,4,10
30,12,0.042725,5,0,2,17
30,10,-0.091797,2,0,4,10
30,16,0.500000,11,0,3,27
30,12,-0.197754,4,0,4,27
30,14,0.053711,6,0,1,27
30,11,-0.079102,6,0,4,27
30,14,0.015137,7,0,4,18
30,14,-0.025330,5,0,3,18
30,10,0.130859,8,0,2,18
30,17,0.027333,9,0,2,18
30,14,0.309082,1,0,4,28
30,15,0.201333,2,0,3,28
30,12,-0.022461,4,0,3,28
30,13,-0.243652,3,0,6,28
30,12,0.044922,6,0,2,14
30,11,0.250000,7,0,5,14
30,14,-0.310059,1,0,6,14
30,10,-0.250000,3,0,4,14
30,13,0.036621,3,0,1,17
30,12,0.000000,3,0,5,17
30,9,0.000000,4,0,4,17
30,14,-0.200684,10,0,2,17
30,13,0.109375,4,0,3,14
30,14,0.184631,2,0,3,14
30,14,0.071289,6,0,3,11
30,16,-0.194000,6,0,2,14
30,10,0.000000,4,0,3,26
30,10,0.083008,4,0,2,26
30,11,-0.051758,4,0,2,26
30,11,0.250000,2,0,2,26
30,10,0.250000,1,0,2,30
30,9,0.000000,4,0,4,30
30,11,0.133789,7,0,4,30
30,14,0.074951,9,0,4,30
30,14,0.500000,0,0,3,16
30,15,0.056000,2,0,2,16
30,11,-0.163574,6,0,2,16
30,12,-0.126709,5,0,2,16
30,12,-0.319336,4,0,3,23
30,14,-0.153809,5,0,1,23
30,11,-0.017090,6,0,1,23
30,12,0.000000,4,0,3,23
30,16,0.125333,7,0,3,27
30,14,-0.168274,3,0,5,27
30,11,0.195312,6,0,3,27
30,15,0.008000,12,0,2,27
30,10,-0.171875,1,0,4,25
30,14,-0.185547,7,0,3,25
30,10,-0.204102,1,0,3,25
30,11,-0.099609,6,0,4,25
30,13,-0.001465,5,0,3,20
30,13,0.041992,4,0,4,20
30,17,0.045333,8,0,1,20
30,11,0.244141,3,0,3,20
30,14,0.000000,7,0,2,17
30,13,0.000000,9,0,2,17
30,12,0.008789,8,0,3,17
30,16,-0.011333,5,0,3,10
30,18,0.200000,7,0,4,22
30,14,-0.292358,6,1,1,22
30,12,-0.067627,2,0,3,22
30,17,0.070667,7,0,3,22
30,14,-0.272278,7,0,2,24
30,17,-0.164667,1,0,6,24
30,16,-0.154000,2,0,2,24
30,13,0.000000,6,0,3,24
30,9,0.068359,4,0,2,21
30,15,0.442667,1,0,4,21
30,14,0.407715,1,0,7,21
30,13,-0.042969,3,0,3,21
30,15,0.500000,0,0,3,23
30,15,-0.008667,2,0,2,23
30,12,-0.244141,6,0,5,23
30,15,0.212000,5,0,2,23
30,12,0.110840,5,0,3,18
30,13,-0.021484,7,0,2,18
30,13,-0.093750,3,0,4,12
30,13,0.298706,6,0,3,12
30,16,0.068667,6,0,1,16
30,12,0.092773,7,0,3,16
30,13,0.266846,3,0,4,11
30,14,-0.242371,5,1,3,16
30,15,0.051333,8,0,4,19
30,12,0.000000,8,0,3,19
30,13,-0.500000,0,0,3,19
30,16,-0.004000,4,0,2,19
30,11,0.500000,0,0,2,30
30,15,-0.012000,3,0,1,30
30,9,0.500000,0,0,5,30
30,13,0.164185,7,0,4,30
30,12,-0.353516,7,0,3,25
30,13,0.011719,5,0,1,25
30,12,0.500000,3,0,2,25
30,11,0.116211,6,0,2,25
30,15,-0.070667,8,0,3,21
30,13,0.153564,7,0,4,21
30,13,0.098755,4,0,1,21
30,15,-0.008667,4,0,2,21
30,13,0.080078,4,0,4,15
30,11,0.328125,2,0,2,15
30,12,0.500000,0,0,2,15
30,9,-0.156250,5,0,2,8
30,15,0.500000,0,0,3,11
30,7,0.000000,2,0,4,16
30,11,0.156250,5,0,5,11
30,14,-0.500000,6,0,4,16
30,16,0.500000,0,0,3,18
30,12,-0.201660,5,0,4,12
30,13,0.180420,2,0,3,12
30,13,0.051270,5,0,4,18
30,11,0.171875,3,0,3,19
30,14,0.500000,0,0,4,19
30,11,0.187500,6,0,2,19
30,16,-0.239333,2,0,3,11
30,13,0.232910,6,0,4,30
30,13,0.000000,2,0,5,30
30,14,0.069946,7,0,4,30
30,17,-0.072000,8,0,4,30
30,13,0.146606,6,0,3,11
30,12,0.254883,6,0,2,11
30,11,-0.044434,8,0,1,11
30,11,0.500000,7,0,2,11
30,14,-0.016113,3,0,4,21
30,14,0.097290,9,0,2,21
30,16,0.255333,2,0,4,21
30,16,0.255333,1,0,3,21
30,14,0.000000,9,0,3,16
30,12,0.059570,5,0,4,9
30,12,0.058105,3,0,2,16
30,12,0.500000,5,0,4,16
30,13,-0.116333,3,0,4,17
30,14,-0.008545,6,0,5,17
30,12,-0.125000,2,0,3,17
30,13,0.500000,5,0,4,17
30,16,-0.255333,2,0,4,20
30,16,0.092667,5,0,4,20
30,16,-0.013333,3,0,4,20
30,13,0.000000,7,0,2,5
30,15,-0.025333,5,0,3,30
30,14,-0.245361,4,1,4,30
30,15,-0.029333,5,0,3,30
30,15,-0.330667,8,0,3,30
30,16,-0.245333,11,0,2,20
30,17,-0.009333,9,0,3,20
30,14,-0.019897,5,0,5,20
30,17,0.009333,9,0,2,20
30,13,-0.164062,3,0,3,21
30,12,0.031250,3,0,4,21
30,12,-0.039062,8,0,3,21
30,15,-0.138000,9,0,4,21
30,16,0.217333,5,0,4,20
30,12,-0.012207,2,0,3,20
30,12,0.150391,6,0,2,20
30,14,0.294189,7,0,3,20
30,13,0.001953,4,0,3,28
30,10,-0.500000,6,0,3,28
30,10,-0.021484,5,0,3,28
30,15,-0.058667,6,0,3,28
30,13,-0.375000,1,0,4,12
30,11,-0.140625,2,0,4,12
30,11,0.097656,6,0,2,15
30,11,0.023438,4,0,2,15
30,11,0.062500,1,0,2,18
30,12,0.150391,2,0,2,18
30,12,-0.250000,6,0,3,18
30,12,-0.298096,1,0,2,18
30,18,0.094667,7,0,4,24
30,15,-0.044000,8,0,2,24
30,13,0.101318,11,0,3,24
30,15,0.104667,7,0,4,24
30,11,0.273926,8,0,3,8
30,15,-0.269333,5,0,4,9
30,14,0.131897,3,0,3,8
30,11,0.250000,9,0,3,9
30,12,0.000000,8,0,2,17
30,13,-0.211182,6,0,5,13
30,15,0.059333,7,0,4,17
30,11,0.500000,1,0,4,17
30,13,-0.157471,5,0,4,30
30,13,-0.062012,7,0,3,30
30,15,0.264000,4,0,6,30
30,12,-0.039551,7,0,2,30
30,10,0.500000,3,0,2,19
30,12,0.263428,3,0,3,11
30,16,-0.003333,2,0,2,19
30,13,0.262817,1,0,2,19
30,14,0.500000,4,0,3,17
30,15,-0.028000,8,0,1,17
30,17,0.003333,4,0,2,17
30,12,0.079590,8,0,2,17
30,15,-0.112667,5,0,6,30
30,9,0.000000,2,0,2,30
30,13,-0.218750,7,0,6,30
30,11,0.000000,4,0,3,30
30,12,-0.190186,1,0,5,19
30,11,0.000000,4,0,3,19
30,11,0.140625,3,0,2,19
30,14,-0.255188,9,0,4,19
30,13,-0.164551,3,1,2,24
30,13,0.500000,5,0,3,24
30,15,0.134667,5,0,3,24
30,10,-0.156250,3,0,3,24
30,12,0.037109,7,0,4,12
30,15,0.040667,8,0,3,12
30,15,0.500000,0,0,3,13
30,14,0.168030,7,0,2,12
30,14,-0.149780,9,0,4,12
30,14,-0.014282,2,0,2,12
30,13,0.500000,0,0,2,12
30,12,-0.500000,0,0,7,12
30,11,-0.222656,2,0,3,8
30,19,0.049333,9,0,4,11
30,16,-0.008000,4,0,4,11
30,12,0.000000,2,0,2,8
30,11,-0.140137,4,0,4,14
30,11,-0.056641,5,0,1,8
30,12,0.078125,5,0,4,14
30,16,0.500000,9,0,3,8
30,15,0.500000,0,0,6,23
30,10,-0.121094,2,0,4,23
30,11,-0.190430,5,0,2,23
30,14,-0.066711,8,0,3,23
30,12,0.021729,4,0,2,30
30,18,0.015333,8,0,4,30
30,12,-0.102539,2,0,5,30
30,15,0.272000,8,0,3,30
30,13,0.088989,2,0,1,15
30,16,0.036000,9,0,3,15
30,16,0.010667,8,0,4,15
30,15,-0.014667,8,0,3,15
30,11,0.289062,2,0,4,21
30,12,0.000000,6,0,4,21
30,13,0.164307,5,0,2,21
30,13,0.112305,2,0,1,21
30,13,0.500000,3,0,2,30
30,15,0.500000,0,0,5,30
30,12,0.500000,0,0,1,30
30,11,0.500000,0,0,3,30
30,12,0.266602,7,0,4,16
30,14,0.500000,0,0,3,16
30,13,0.102295,4,0,1,12
30,15,0.117333,3,0,3,16
30,15,0.259333,7,0,2,16
30,11,0.500000,6,0,4,16
30,14,-0.003418,5,0,3,14
30,18,-0.198667,7,0,2,14
30,18,0.500000,0,0,1,11
30,13,-0.025146,5,0,2,8
30,12,-0.012695,2,0,3,11
30,15,0.224667,9,0,1,11
30,13,-0.053223,4,0,2,18
30,16,-0.106667,6,0,5,18
30,12,0.500000,0,0,3,18
30,13,0.000000,6,0,3,18
30,12,0.145996,9,0,3,18
30,12,0.090820,2,0,2,10
30,9,0.089844,5,0,3,10
30,12,0.315674,6,0,2,18
30,12,-0.050049,5,0,3,30
30,14,0.071655,8,0,2,30
30,12,-0.500000,0,0,3,30
30,11,0.093750,2,0,2,30
30,15,0.088667,6,0,3,6
30,14,0.171875,5,0,7,16
30,10,0.250000,1,0,1,16
30,11,0.000000,2,0,3,16
30,11,0.138672,6,0,4,26
30,9,-0.500000,0,0,4,26
30,14,0.135010,8,0,1,26
30,12,-0.313477,7,0,3,26
30,10,0.500000,0,0,1,21
30,13,0.009155,4,0,4,21
30,11,0.000000,5,0,5,21
30,14,-0.098633,4,0,2,21
30,14,0.500000,0,0,1,26
30,12,0.062500,2,0,2,26
30,13,-0.022095,6,0,1,26
30,15,-0.024667,4,0,4,26
30,10,-0.214844,6,0,5,30
30,11,-0.095703,3,0,4,30
30,11,0.120117,2,0,4,30
30,14,-0.045837,7,0,3,30
30,9,-0.027344,4,0,4,16
30,13,0.023926,6,0,3,14
30,11,-0.500000,3,0,5,14
30,10,0.132812,4,0,3,14
30,16,0.500000,0,0,3,21
30,9,0.500000,0,0,5,21
30,14,0.144287,10,0,3,21
30,12,0.500000,7,0,3,21
30,13,-0.283691,1,0,4,14
30,15,-0.037333,9,0,5,16
30,14,-0.143433,7,0,2,14
30,11,0.500000,0,0,3,16
30,14,0.060547,10,0,6,21
30,13,0.000000,4,0,3,21
30,9,-0.250000,1,0,5,21
30,14,0.075195,5,0,2,21
30,12,0.023926,4,0,3,10
30,13,0.085083,8,0,2,5
30,15,-0.500000,0,0,5,10
30,14,0.036926,5,0,2,10
30,14,-0.078125,5,0,1,13
30,13,0.500000,0,0,5,13
30,13,-0.063965,1,0,6,6
30,11,-0.197266,6,0,2,13
30,15,-0.037333,9,0,3,25
30,11,0.082031,3,0,2,25
30,12,-0.054688,3,0,6,25
30,12,0.500000,3,0,3,25
30,16,0.044000,6,0,2,14
30,13,0.016602,6,0,2,14
30,11,-0.500000,2,0,6,9
30,10,0.500000,0,0,2,14
30,15,0.000667,3,0,5,20
30,14,0.001526,12,0,3,20
30,11,0.176758,2,0,3,20
30,15,0.133333,8,0,2,20
30,10,-0.250000,1,0,4,30
30,11,-0.009766,4,0,4,30
30,15,-0.129333,8,0,4,30
30,12,0.500000,4,0,2,30
30,10,-0.244141,1,0,2,24
30,13,0.000000,6,0,2,24
30,12,-0.188721,8,0,2,24
30,14,-0.011963,4,0,5,24
30,12,-0.010254,7,0,4,30
30,14,-0.085022,5,0,3,30
30,13,0.039062,6,0,2,30
30,13,-0.171875,7,0,3,30
30,20,0.150667,11,0,2,28
30,14,0.045898,2,0,5,28
30,12,-0.008301,5,0,4,28
30,13,0.000000,4,0,5,28
30,14,-0.118652,6,0,3,28
30,18,0.008000,6,0,4,28
30,11,0.000000,5,0,4,28
30,14,-0.082153,8,0,3,28
30,10,-0.359375,1,0,3,23
30,17,-0.052667,9,0,3,23
30,9,0.060547,6,0,2,23
30,12,0.020264,6,0,2,23
30,15,-0.106667,7,0,2,26
30,17,-0.046000,11,0,2,26
30,16,-0.063333,7,0,4,26
30,14,-0.081360,7,0,5,26
30,15,-0.029333,5,0,2,30
30,11,0.131836,5,0,3,30
30,16,0.000667,6,0,3,30
30,14,-0.322266,10,0,5,30
30,10,0.000000,5,0,3,16
30,9,0.187500,4,0,4,16
30,13,-0.166626,2,0,4,9
30,14,0.259277,9,0,4,9
30,13,-0.140137,4,0,2,26
30,12,-0.170898,7,0,1,26
30,13,0.214355,7,0,5,26
30,12,-0.009766,5,0,3,26
30,14,0.064819,8,0,5,12
30,11,-0.138184,7,0,2,15
30,13,0.228271,8,0,3,15
30,13,0.033813,5,0,2,15
30,15,0.107333,10,0,3,20
30,14,0.017090,2,0,3,20
30,17,-0.076000,1,0,3,20
30,14,0.000000,9,0,3,4
30,11,0.107422,2,0,2,26
30,14,0.500000,2,0,4,26
30,13,0.090332,2,0,2,26
30,12,0.009033,7,0,3,26
30,13,-0.245239,5,0,3,20
30,13,-0.145020,8,0,2,20
30,13,-0.250000,2,0,5,20
30,11,0.182617,2,0,5,20
30,13,-0.193726,6,0,3,30
30,12,-0.304932,1,0,5,30
30,11,0.183594,4,0,2,30
30,10,-0.250000,1,0,3,30
30,14,-0.262329,5,0,5,21
30,14,0.250000,8,0,2,21
30,14,-0.024597,5,0,2,21
30,13,0.000000,2,0,4,21
30,14,0.500000,5,0,3,28
30,14,0.171875,1,0,2,28
30,12,0.000000,5,0,4,28
30,10,0.064453,7,0,4,28
30,16,-0.500000,0,0,3,24
30,12,0.500000,0,0,3,24
30,11,0.500000,5,0,4,24
30,12,-0.500000,6,0,4,24
30,16,-0.034000,7,0,5,11
30,11,0.083984,5,0,4,14
30,14,-0.174194,7,0,3,11
30,11,0.191406,2,0,2,14
30,12,0.085449,5,0,3,21
30,11,-0.388672,7,1,1,21
30,12,-0.142578,2,0,2,21
30,14,0.186523,4,0,3,21
30,12,0.046875,3,0,3,17
30,12,-0.187500,3,0,2,17
30,12,-0.233643,6,1,2,17
30,12,0.246826,1,0,1,5
30,15,-0.094000,5,0,3,23
30,10,-0.217773,3,0,2,23
30,12,-0.190430,3,0,4,23
30,11,-0.093750,4,0,6,23
30,13,0.079102,8,0,3,30
30,15,0.500000,0,0,2,30
30,10,0.000000,8,0,4,30
30,10,0.062500,4,0,5,30
30,11,0.082031,2,0,2,30
30,12,-0.029297,7,0,4,30
30,12,0.030762,6,0,1,30
30,12,0.058594,4,0,4,30
30,11,0.269531,3,0,3,13
30,11,-0.037109,6,0,3,11
30,12,0.153809,3,0,3,11
30,15,0.008667,5,0,3,11
30,10,-0.101562,5,0,3,17
30,14,-0.079590,3,0,3,17
30,14,-0.181152,5,0,3,17
30,15,-0.067333,5,0,3,17
30,14,-0.115234,9,0,3,30
30,14,0.197510,9,0,2,30
30,12,-0.166992,2,0,3,30
30,12,0.103516,5,0,2,30
30,13,0.500000,0,0,4,13
30,10,0.343750,2,0,3,13
30,13,0.088135,5,0,2,13
30,11,0.000000,5,0,4,13
30,16,-0.090000,12,0,3,25
30,15,-0.059333,7,0,3,25
30,14,-0.052002,8,0,3,25
30,16,-0.192667,7,0,3,25
30,12,-0.150879,4,0,3,13
30,14,0.170532,2,0,4,13
30,10,0.332031,7,0,3,17
30,11,0.065430,4,0,3,17
30,14,-0.129700,9,0,3,6
30,13,-0.195312,4,0,3,10
30,13,-0.046875,6,0,1,9
30,15,-0.100000,3,0,4,10
30,16,-0.195333,12,0,6,19
30,12,0.105957,5,0,2,19
30,13,0.090576,8,0,5,4
30,12,0.500000,0,0,3,7
30,15,-0.122000,9,0,2,11
30,11,-0.054688,5,0,2,11
30,13,0.065918,5,0,1,11
30,14,-0.082642,4,0,3,11
30,12,0.000000,2,0,3,26
30,11,0.500000,0,0,2,26
30,12,0.500000,6,0,5,26
30,16,0.132000,2,0,5,26
30,13,-0.128662,9,0,4,30
30,12,0.076172,6,0,3,30
30,17,0.136667,2,0,3,30
30,10,-0.338867,1,0,5,30
30,11,0.005859,6,0,2,26
30,13,0.500000,7,0,2,26
30,12,0.500000,3,0,2,26
30,11,0.205078,3,0,3,26
30,14,-0.191040,9,0,3,9
30,15,-0.222667,9,0,4,11
30,15,-0.015333,9,0,3,11
30,14,0.000000,2,0,4,11
30,11,-0.166992,3,0,4,8
30,15,0.107333,8,0,3,18
30,15,0.060000,2,0,1,18
30,13,0.074341,2,0,2,8
30,17,0.183333,9,0,2,7
30,12,-0.265625,6,0,4,5
30,16,-0.012000,6,0,2,10
30,11,-0.256348,7,1,1,5
30,11,-0.224609,2,0,2,5
30,13,0.149292,6,0,3,13
30,15,-0.119333,7,0,3,13
30,11,0.139648,5,0,2,10
30,16,-0.070000,2,0,5,19
30,11,0.240234,2,0,3,19
30,10,-0.171875,5,0,2,19
30,13,0.280273,1,0,4,11
30,10,-0.500000,0,0,4,30
30,15,-0.051333,8,0,4,30
30,14,-0.114868,5,0,3,30
30,14,0.083252,6,0,3,30
30,12,0.052734,10,0,1,13
30,16,-0.036667,8,0,3,13
30,10,-0.189453,3,0,3,13
30,11,0.500000,0,0,5,13
30,15,-0.004000,8,0,2,19
30,15,-0.036667,9,0,4,19
30,11,0.000000,4,0,2,19
30,10,0.500000,0,0,1,19
30,11,-0.379883,4,0,4,26
30,12,0.500000,6,0,3,26
30,17,0.123333,12,0,3,26
30,14,0.082397,2,0,2,26
30,14,-0.113525,7,0,3,21
30,12,-0.213867,7,0,4,21
30,11,-0.141602,4,0,4,21
30,14,0.204773,3,0,2,21
30,13,0.137939,7,0,3,5
30,10,0.250000,5,0,2,5
30,13,0.134399,2,0,1,20
30,14,-0.162842,8,0,4,20
30,15,-0.046667,3,0,2,18
30,14,0.070190,7,0,2,18
30,13,-0.005615,5,0,4,18
30,12,-0.089844,8,0,4,18
30,14,-0.066895,5,0,3,15
30,14,-0.081055,9,0,3,15
30,15,-0.001333,6,0,2,15
30,11,0.142090,4,0,2,15
30,14,-0.022034,3,0,4,25
30,13,0.304688,1,0,1,25
30,12,0.284668,7,0,2,25
30,11,-0.078125,5,0,3,25
30,13,-0.258789,9,0,3,18
30,12,-0.031250,3,0,5,18
30,15,-0.253333,5,1,1,18
30,17,-0.016000,10,0,3,8
30,14,0.065125,2,0,2,30
30,12,0.227539,4,0,4,30
30,14,-0.085693,9,0,4,30
30,11,0.500000,0,0,4,30
30,17,0.032667,3,0,1,22
30,17,0.036667,7,0,3,22
30,13,0.207031,2,0,2,22
30,14,-0.033447,7,0,3,22
30,12,0.203125,3,0,1,28
30,12,0.280518,6,0,3,28
30,12,0.500000,0,0,2,28
30,14,-0.310547,2,0,3,28
30,14,0.106750,8,0,4,16
30,11,-0.109375,5,0,1,16
30,12,0.405273,1,0,4,16
30,11,-0.009766,6,0,6,16
30,13,-0.100098,7,0,2,14
30,12,-0.055176,4,0,3,14
30,10,0.000000,4,0,2,9
30,10,0.000000,8,0,3,14
30,15,0.055333,3,0,3,21
30,16,-0.067333,7,0,4,21
30,15,-0.168667,3,0,1,21
30,15,-0.136000,10,0,4,21
30,11,-0.250000,2,2,1,11
30,10,0.199219,5,0,2,11
30,12,0.000000,5,0,3,7
30,11,0.083984,1,0,3,4
30,12,0.000000,8,0,7,14
30,15,-0.125333,7,0,3,14
30,13,0.078857,9,0,2,14
30,11,-0.048828,6,0,2,14
30,10,0.500000,0,0,2,15
30,11,-0.157227,1,0,3,15
30,11,-0.271484,2,0,3,15
30,10,0.500000,4,0,2,15
30,11,-0.146484,8,0,2,23
30,15,0.178667,3,0,2,23
30,14,0.015076,2,0,3,23
30,14,0.010620,9,0,2,23
30,9,0.210938,5,0,2,18
30,10,0.324219,3,0,2,18
30,14,0.000000,4,0,5,18
30,14,0.195923,1,0,3,18
30,14,0.500000,0,0,4,18
30,14,0.087158,9,0,4,18
30,15,-0.119333,6,0,5,18
30,17,-0.004667,9,0,3,18
30,10,0.148438,4,0,2,25
30,11,0.187500,4,0,6,25
30,12,-0.117188,3,1,2,25
30,14,-0.126343,2,0,6,25
30,13,0.098511,3,0,3,16
30,11,-0.148438,1,0,4,16
30,16,-0.088000,8,0,4,16
30,11,0.011719,6,0,4,16
30,12,0.500000,4,0,4,17
30,11,-0.125000,4,0,4,4
30,10,-0.500000,5,0,6,17
30,11,0.167969,4,0,2,17
30,14,0.101562,7,0,1,26
30,15,0.084667,5,0,3,26
30,10,-0.402344,3,0,4,26
30,13,0.500000,0,0,2,26
30,11,0.182617,5,0,3,19
30,11,0.500000,6,0,6,19
30,14,0.223511,6,0,3,19
30,11,0.000000,7,0,4,19
30,12,-0.119141,3,0,6,23
30,10,0.000000,6,0,3,23
30,14,0.045227,8,0,4,23
30,15,0.028667,6,0,4,23
30,15,-0.068667,7,0,2,18
30,13,-0.186768,5,0,3,18
30,14,0.000000,10,0,2,18
30,15,0.063333,3,0,4,18
30,12,0.500000,0,0,3,24
30,12,0.092773,6,0,4,24
30,17,-0.034667,10,0,4,24
30,10,0.056641,6,0,3,24
30,16,-0.013333,5,0,2,14
30,13,-0.160645,8,0,5,14
30,13,-0.209229,7,0,4,14
30,14,0.500000,0,0,5,14
30,16,0.094667,7,0,5,17
30,11,-0.054688,6,0,2,17
30,16,0.500000,10,0,3,8
30,13,0.012817,5,0,5,17
30,12,-0.345703,1,0,6,6
30,13,0.500000,2,0,2,15
30,15,0.500000,3,0,2,9
30,12,0.025391,6,0,3,15
30,12,0.500000,0,0,2,23
30,9,-0.132812,2,0,3,23
30,11,-0.279297,3,0,3,23
30,11,0.041504,4,0,2,23
30,17,-0.234667,8,1,1,30
30,14,-0.182617,10,0,5,30
30,10,-0.089844,5,0,5,30
30,14,0.000000,7,0,4,30
30,10,0.234375,5,0,2,25
30,12,-0.157959,2,1,3,25
30,15,0.340667,2,0,3,25
30,10,0.500000,0,0,3,25
30,11,-0.351562,5,0,4,25
30,11,0.236328,2,0,2,25
30,14,-0.016479,5,0,1,25
30,12,0.320557,2,0,4,25
30,16,-0.010667,9,0,2,30
30,13,-0.090576,6,0,4,30
30,10,-0.278320,5,0,2,30
30,13,-0.083008,3,0,3,30
30,15,-0.020667,3,0,4,17
30,15,-0.008667,8,0,4,17
30,15,0.154667,1,0,1,17
30,13,-0.142822,2,1,1,17
30,14,0.086670,7,0,3,12
30,13,0.419189,2,0,3,12
30,12,-0.257812,4,0,2,18
30,13,-0.335693,5,1,2,18
30,10,0.000000,4,0,4,20
30,10,-0.500000,0,0,3,20
30,11,-0.173828,3,0,4,8
30,9,0.007812,4,0,2,20
30,13,0.007812,8,0,3,15
30,15,-0.259333,1,0,5,15
30,12,-0.125732,5,0,4,15
30,16,-0.156000,4,0,4,15
30,14,0.032715,4,0,5,24
30,10,-0.015625,8,0,2,24
30,11,0.119141,5,0,4,24
30,14,-0.085449,7,0,3,24
30,12,-0.019043,4,0,3,14
30,7,-0.117188,2,0,3,14
30,14,0.025635,7,0,2,14
30,8,-0.062500,7,0,2,14
30,15,-0.010667,8,0,2,19
30,9,0.000000,4,0,2,19
30,13,0.000000,8,0,2,19
30,11,0.353516,1,0,2,19
30,13,-0.100098,2,0,5,30
30,16,0.188667,7,0,4,30
30,11,0.207031,2,0,4,30
30,11,0.000000,3,0,5,30
30,12,0.116455,5,0,3,7
30,10,-0.025391,3,0,3,14
30,13,0.059692,5,0,3,14
30,14,0.500000,0,0,1,14
30,14,0.138672,6,0,4,9
30,12,-0.202148,3,0,3,7
30,14,0.001953,7,0,1,7
30,15,0.058667,5,0,3,9
30,12,-0.014160,4,0,4,11
30,12,-0.253906,3,0,4,13
30,15,-0.232000,8,0,4,13
30,12,0.164062,3,0,2,6
30,13,0.195312,6,0,2,11
30,13,-0.218262,3,0,4,16
30,9,-0.050781,7,0,2,16
30,13,-0.341797,2,0,6,16
30,15,0.336667,1,0,4,11
30,11,0.312500,7,0,4,15
30,13,-0.175903,7,0,3,15
30,12,-0.107422,3,0,5,11
30,12,0.050781,6,0,1,27
30,18,-0.262000,3,1,2,27
30,15,-0.086000,2,0,7,27
30,13,-0.239258,5,0,4,27
30,11,0.000000,6,0,4,14
30,14,0.362854,6,0,4,14
30,16,0.008000,12,0,5,14
30,14,0.001953,6,0,2,14
