state,l1,l2,m,f,f_other,m_other,f_free,m_free
tog,3,8,24,14,13,22,25,39
tog,4,16,64,42,55,108,15,36
tog,14,1,14,5,41,78,15,35
tog,6,11,66,41,32,55,17,37
apt,8,12,96,52,32,76,20,36
tog,6,20,120,63,83,181,18,39
tog,9,7,63,30,21,43,24,38
tog,3,6,18,9,5,11,23,35
tog,5,12,60,31,32,61,19,38
tog,11,7,77,40,33,60,14,36
apt,5,4,20,9,5,9,15,34
tog,4,4,16,5,2,6,15,33
tog,9,2,18,5,16,28,20,35
tog,11,17,187,94,86,165,0,0
apt,7,2,14,8,5,15,21,39
apt,1,12,12,4,32,55,19,37
tog,15,13,195,109,63,157,0,0
apt,16,2,32,16,44,105,21,35
apt,1,16,16,5,59,105,19,32
tog,17,11,187,94,83,165,0,0
tog,21,5,105,49,111,196,19,38
apt,11,2,22,11,19,45,17,30
tog,19,7,133,73,78,168,14,36
apt,14,1,14,8,46,78,18,36
apt,9,12,108,59,42,83,19,36
tog,18,6,108,56,84,146,20,37
tog,2,19,38,21,78,153,17,36
apt,9,19,171,98,94,181,0,0
apt,11,12,132,63,48,100,16,37
tog,17,11,187,101,83,165,0,0
tog,1,7,7,5,9,15,24,38
tog,5,5,25,13,4,12,25,35
tog,1,27,27,16,151,325,0,0
apt,6,12,72,37,32,65,15,36
apt,17,9,153,73,69,148,15,37
tog,10,6,60,28,23,46,17,34
apt,15,3,45,26,49,92,19,37
apt,11,3,33,17,23,46,19,33
apt,1,19,19,12,80,153,23,35
apt,5,21,105,52,99,196,21,37
tog,7,13,91,51,43,81,19,36
apt,9,4,36,21,20,31,17,34
apt,9,15,135,57,75,119,15,37
tog,6,22,132,62,114,220,0,0
tog,5,1,5,3,3,6,24,36
apt,8,17,136,73,64,141,19,38
tog,4,9,36,21,14,31,20,35
tog,12,2,24,14,32,55,19,36
apt,16,2,32,19,46,105,18,36
tog,1,21,21,9,96,190,17,37
tog,19,5,95,45,84,159,12,37
tog,10,3,30,14,14,37,13,37
tog,6,4,24,12,8,13,21,36
tog,17,3,51,30,62,121,18,35
apt,4,12,48,16,25,58,24,35
tog,3,7,21,13,7,16,21,36
apt,18,1,18,8,75,136,22,34
tog,10,5,50,26,17,42,17,37
apt,5,9,45,22,16,34,7,35
apt,8,4,32,15,10,24,17,37
tog,3,12,36,15,26,56,17,37
apt,2,26,52,25,164,300,0,0
tog,14,4,56,31,41,81,20,38
apt,3,23,69,31,116,232,9,36
tog,10,8,80,43,30,57,18,37
tog,10,9,90,37,31,64,14,33
tog,8,10,80,44,30,57,11,37
apt,4,4,16,7,5,6,21,38
tog,1,25,25,11,138,276,15,38
apt,23,3,69,34,126,232,17,37
tog,4,15,60,32,45,94,15,33
apt,6,13,78,33,37,76,19,33
apt,17,5,85,37,60,126,24,35
apt,9,10,90,39,34,64,22,36
apt,14,7,98,48,48,93,21,35
tog,11,15,165,67,67,136,16,37
apt,13,15,195,105,83,157,0,0
tog,1,27,27,14,177,325,0,0
apt,5,21,105,55,90,196,17,36
tog,11,1,11,7,23,45,18,35
tog,3,6,18,9,6,11,11,37
apt,9,4,36,13,18,31,23,38
apt,14,9,126,64,51,106,16,33
tog,12,11,132,73,49,100,10,34
apt,17,5,85,41,65,126,17,37
apt,1,6,6,3,3,10,11,31
tog,5,16,80,41,57,111,14,38
apt,10,16,160,70,75,141,15,38
tog,2,12,24,9,21,55,19,37
tog,22,6,132,74,111,220,0,0
tog,6,22,132,70,115,220,0,0
apt,12,13,156,72,60,121,20,35
tog,11,15,165,90,79,136,17,36
apt,8,14,112,56,47,99,21,35
tog,7,12,84,52,38,70,18,37
apt,6,7,42,20,12,25,19,35
apt,2,8,16,10,9,21,18,35
tog,5,9,45,25,11,34,21,38
tog,18,10,180,91,84,172,0,0
apt,14,14,196,95,78,156,0,0
tog,21,7,147,69,102,205,0,0
tog,13,13,169,82,67,132,21,39
tog,3,9,27,17,12,29,15,35
apt,1,1,1,1,0,0,14,37
apt,10,2,20,11,22,36,15,34
tog,6,9,54,24,25,38,16,38
tog,6,22,132,64,114,220,0,0
tog,10,6,60,28,20,46,17,38
tog,6,3,18,12,5,11,15,36
tog,16,12,192,112,87,160,0,0
tog,13,15,195,100,87,157,0,0
apt,5,19,95,47,76,159,16,36
apt,14,7,98,44,57,93,18,36
tog,21,2,42,23,94,190,20,37
tog,6,1,6,4,7,10,20,37
tog,23,1,23,12,110,231,21,36
apt,3,25,75,34,140,277,0,0
apt,10,11,110,66,38,81,19,35
apt,1,4,4,2,2,3,13,32
tog,19,9,171,89,96,181,0,0
apt,8,10,80,40,28,57,18,36
apt,24,2,48,23,124,253,18,37
apt,2,16,32,13,58,105,25,37
tog,18,3,54,33,58,137,17,35
apt,7,7,49,27,15,30,14,35
apt,5,19,95,47,81,159,24,37
apt,11,4,44,24,23,48,14,36
tog,16,3,48,23,53,106,15,39
apt,1,24,24,12,132,253,21,35
apt,3,22,66,32,92,211,17,34
tog,13,15,195,99,78,157,0,0
apt,12,8,96,44,39,76,13,35
apt,3,13,39,18,33,67,18,34
apt,1,6,6,1,4,10,20,34
tog,8,17,136,77,75,141,21,39
apt,7,9,63,27,22,43,17,35
tog,3,25,75,39,136,277,0,0
apt,5,15,75,36,46,97,19,34
tog,13,2,26,11,35,66,19,37
tog,11,12,132,67,60,100,18,32
tog,7,7,49,24,18,30,19,36
tog,16,10,160,78,66,141,23,38
tog,4,14,56,29,43,81,13,35
apt,9,14,126,63,59,106,20,37
tog,5,11,55,24,31,51,20,36
apt,14,6,84,39,45,88,20,36
tog,3,19,57,34,70,154,12,35
apt,25,3,75,35,145,277,0,0
apt,2,9,18,10,14,28,18,39
tog,1,3,3,1,1,1,19,34
tog,18,10,180,84,90,172,0,0
tog,24,4,96,39,129,256,0,0
apt,26,2,52,26,134,300,0,0
apt,4,3,12,9,1,4,20,35
tog,11,14,154,79,53,123,18,34
tog,1,27,27,16,162,325,0,0
apt,2,1,2,0,0,0,12,35
apt,22,6,132,70,100,220,0,0
apt,8,15,120,70,63,112,16,35
apt,16,3,48,16,62,106,20,37
apt,7,7,49,19,16,30,16,37
apt,4,10,40,24,20,39,10,36
apt,14,5,70,33,42,84,19,37
tog,26,2,52,23,144,300,0,0
tog,11,10,110,45,35,81,23,35
tog,7,21,147,63,87,205,0,0
apt,12,7,84,37,39,70,16,32
apt,8,8,64,32,19,42,22,35
apt,5,7,35,22,12,21,16,34
apt,20,5,100,53,77,177,13,32
apt,16,4,64,25,55,108,21,35
tog,20,8,160,88,90,192,0,0
tog,21,3,63,33,103,191,10,36
tog,10,5,50,24,25,42,19,37
tog,10,10,100,56,38,72,17,35
tog,6,15,90,51,47,101,16,36
apt,10,18,180,84,88,172,0,0
apt,2,26,52,27,161,300,0,0
apt,12,1,12,8,28,55,22,39
apt,8,6,48,24,14,31,23,39
tog,14,4,56,28,40,81,28,37
apt,25,1,25,19,136,276,7,38
tog,19,2,38,11,78,153,16,39
apt,7,1,7,4,9,15,12,34
apt,7,4,28,12,7,18,16,37
tog,1,5,5,4,3,6,18,38
tog,12,7,84,40,39,70,24,35
apt,7,16,112,63,69,120,14,38
tog,4,6,24,13,8,13,21,36
tog,3,25,75,38,145,277,0,0
apt,2,24,48,27,128,253,27,37
apt,1,27,27,15,181,325,0,0
apt,19,1,19,9,83,153,21,36
apt,16,10,160,92,60,141,15,37
apt,5,23,115,62,125,237,0,0
apt,9,8,72,34,24,49,15,32
tog,11,4,44,22,23,48,19,37
apt,20,4,80,45,82,174,18,39
apt,10,7,70,33,29,51,16,35
apt,2,1,2,1,0,0,16,38
apt,6,22,132,79,107,220,0,0
tog,4,22,88,42,113,213,22,35
tog,5,1,5,3,2,6,19,37
apt,10,7,70,45,28,51,21,36
tog,24,2,48,20,127,253,18,38
tog,18,2,36,22,67,136,13,32
tog,11,17,187,89,97,165,0,0
apt,4,18,72,38,79,139,13,35
apt,6,20,120,64,92,181,20,40
tog,19,2,38,21,78,153,21,35
apt,5,6,30,16,7,16,18,37
tog,6,11,66,38,35,55,21,36
apt,3,13,39,23,27,67,21,38
tog,14,9,126,51,44,106,21,35
apt,4,1,4,2,1,3,27,36
apt,21,7,147,68,104,205,0,0
apt,1,27,27,12,154,325,0,0
apt,11,1,11,8,12,45,22,36
tog,8,18,144,72,78,157,20,37
tog,21,7,147,66,94,205,0,0
tog,11,10,110,56,34,81,15,35
apt,10,16,160,79,76,141,18,38
apt,7,6,42,18,13,25,23,34
apt,4,24,96,45,136,256,0,0
apt,5,1,5,1,1,6,22,38
tog,7,8,56,30,23,36,25,35
apt,12,7,84,43,37,70,20,37
tog,14,11,154,82,63,123,11,33
tog,2,12,24,15,28,55,23,39
apt,12,7,84,46,32,70,17,36
tog,6,11,66,34,28,55,15,35
apt,3,23,69,34,110,232,16,38
tog,22,1,22,7,100,210,15,35
tog,17,7,119,66,68,135,21,37
tog,2,17,34,13,66,120,17,35
tog,13,11,143,70,54,111,12,37
tog,1,27,27,13,157,325,0,0
tog,15,11,165,83,63,136,17,37
apt,21,7,147,74,92,205,0,0
apt,10,14,140,76,59,114,17,35
apt,5,5,25,8,6,12,18,37
apt,3,2,6,3,0,1,15,36
tog,19,5,95,48,88,159,20,36
apt,13,12,156,79,65,121,21,35
tog,13,3,39,17,31,67,18,35
apt,3,7,21,11,8,16,14,36
tog,4,1,4,3,2,3,18,40
tog,15,11,165,93,81,136,13,33
tog,4,24,96,50,125,256,0,0
apt,20,4,80,33,82,174,20,37
tog,7,21,147,73,105,205,0,0
apt,6,10,60,36,27,46,21,35
tog,18,8,144,79,69,157,13,36
tog,2,13,26,13,35,66,16,34
tog,18,10,180,92,91,172,0,0
apt,10,2,20,8,19,36,23,37
tog,14,10,140,71,53,114,14,36
tog,5,23,115,50,119,237,0,0
tog,7,21,147,87,104,205,0,0
tog,2,5,10,6,3,6,20,37
tog,7,6,42,18,12,25,18,38
tog,13,13,169,79,61,132,17,34
tog,6,9,54,26,14,38,17,36
tog,7,8,56,20,17,36,19,37
tog,3,20,60,27,81,172,16,34
apt,6,2,12,3,2,10,20,36
apt,12,13,156,87,61,121,22,37
tog,2,22,44,29,108,210,17,37
tog,20,2,40,25,82,171,16,36
tog,13,2,26,16,26,66,25,40
tog,5,3,15,6,5,7,18,38
apt,23,3,69,35,112,232,16,38
apt,1,19,19,11,68,153,19,37
tog,1,20,20,8,87,171,16,38
tog,8,11,88,46,34,66,18,37
tog,12,13,156,77,69,121,15,34
apt,16,12,192,94,79,160,0,0
tog,5,15,75,43,48,97,19,36
tog,16,8,128,65,62,126,21,37
tog,10,13,130,68,55,102,20,36
apt,8,2,16,3,7,21,14,36
tog,8,3,24,15,8,22,22,37
tog,5,1,5,2,3,6,14,37
apt,9,2,18,10,12,28,19,36
apt,2,3,6,3,1,1,17,35
apt,14,6,84,42,45,88,17,36
tog,3,7,21,12,5,16,15,38
apt,5,6,30,16,8,16,15,35
apt,15,1,15,9,46,91,19,35
tog,17,3,51,25,59,121,16,37
tog,10,11,110,61,24,81,20,37
tog,1,7,7,2,8,15,16,31
apt,15,2,30,11,45,91,18,35
tog,2,12,24,9,24,55,15,33
tog,6,7,42,24,13,25,18,36
tog,13,15,195,104,78,157,0,0
tog,9,17,153,51,68,148,15,35
apt,16,9,144,65,65,133,24,33
tog,14,3,42,21,39,79,16,31
tog,4,6,24,9,7,13,21,38
tog,3,4,12,6,2,4,18,33
tog,18,1,18,10,78,136,18,36
apt,2,7,14,5,10,15,16,33
apt,2,3,6,2,0,1,16,38
tog,15,13,195,94,82,157,0,0
tog,9,4,36,18,14,31,17,37
tog,10,16,160,85,70,141,18,37
apt,10,6,60,35,21,46,19,35
tog,7,6,42,16,20,25,18,36
apt,2,26,52,26,145,300,0,0
apt,17,7,119,63,55,135,17,37
tog,5,18,90,50,72,142,18,34
apt,25,3,75,32,144,277,0,0
apt,5,19,95,46,75,159,14,35
apt,12,16,192,107,71,160,0,0
tog,1,9,9,6,16,28,14,34
apt,9,14,126,67,58,106,21,35
apt,4,1,4,2,1,3,20,38
apt,14,7,98,55,49,93,23,38
tog,23,5,115,64,113,237,0,0
apt,5,6,30,13,6,16,18,37
tog,5,20,100,49,96,177,17,36
tog,3,19,57,24,90,154,17,31
tog,5,18,90,56,77,142,20,37
apt,1,18,18,8,78,136,14,37
tog,20,4,80,51,82,174,17,36
tog,8,5,40,20,11,27,10,36
tog,13,1,13,7,32,66,18,37
tog,9,7,63,34,16,43,19,36
tog,1,21,21,13,90,190,22,38
tog,6,13,78,39,36,76,19,37
tog,17,5,85,32,66,126,14,33
tog,13,7,91,55,44,81,21,37
tog,3,13,39,21,30,67,21,38
tog,19,2,38,24,85,153,16,38
apt,17,11,187,94,92,165,0,0
apt,6,8,48,22,11,31,20,33
apt,12,7,84,43,26,70,27,37
apt,24,2,48,24,124,253,21,37
tog,1,19,19,11,73,153,21,36
tog,19,1,19,11,61,153,24,36
tog,6,20,120,57,81,181,16,37
tog,3,22,66,29,105,211,16,36
apt,16,12,192,91,87,160,0,0
tog,12,5,60,26,29,61,17,31
tog,6,12,72,32,37,65,16,37
tog,6,20,120,64,89,181,20,38
tog,8,12,96,49,45,76,19,37
apt,27,1,27,17,165,325,0,0
tog,5,17,85,38,62,126,20,35
tog,7,9,63,32,25,43,14,36
apt,1,16,16,6,52,105,22,39
tog,7,16,112,59,68,120,22,36
tog,6,1,6,4,6,10,17,35
tog,3,17,51,19,68,121,10,34
apt,16,8,128,69,69,126,18,34
tog,11,17,187,97,77,165,0,0
apt,18,8,144,73,67,157,19,36
tog,4,1,4,3,1,3,20,37
tog,4,14,56,30,42,81,19,38
apt,20,4,80,38,95,174,21,36
apt,1,27,27,8,165,325,0,0
tog,6,9,54,33,19,38,20,34
apt,9,8,72,35,22,49,16,38
tog,10,8,80,35,28,57,15,34
apt,8,13,104,56,53,87,18,37
tog,3,25,75,36,146,277,0,0
apt,6,13,78,38,35,76,14,35
apt,3,8,24,15,15,22,9,31
tog,20,6,120,66,83,181,21,37
apt,13,15,195,103,76,157,0,0
apt,1,11,11,7,16,45,20,35
apt,16,3,48,22,48,106,19,37
apt,14,2,28,20,34,78,19,34
apt,4,18,72,31,55,139,19,36
tog,10,16,160,66,63,141,10,39
tog,15,2,30,12,40,91,22,37
apt,8,9,72,41,27,49,20,31
tog,8,20,160,83,93,192,0,0
apt,4,3,12,6,3,4,21,39
tog,18,6,108,54,59,146,19,36
apt,13,9,117,55,42,94,20,36
apt,14,14,196,93,81,156,0,0
tog,19,3,57,31,74,154,17,35
apt,15,9,135,71,62,119,11,37
apt,2,2,4,2,0,0,18,34
apt,14,14,196,97,78,156,0,0
apt,20,2,40,16,79,171,18,38
apt,1,14,14,5,40,78,21,39
tog,10,16,160,84,63,141,19,37
apt,12,16,192,79,87,160,0,0
apt,12,16,192,101,79,160,0,0
apt,17,11,187,90,87,165,0,0
apt,9,10,90,46,30,64,18,36
tog,21,2,42,20,93,190,14,37
apt,15,13,195,91,65,157,0,0
apt,2,4,8,2,1,3,22,37
tog,3,7,21,12,9,16,19,35
apt,12,4,48,23,34,58,21,38
tog,10,10,100,49,34,72,19,38
tog,16,3,48,25,50,106,25,39
apt,25,3,75,34,154,277,0,0
apt,2,5,10,3,3,6,23,38
tog,15,4,60,34,45,94,16,39
tog,7,12,84,36,37,70,16,38
apt,27,1,27,16,163,325,0,0
apt,17,4,68,29,58,123,16,32
apt,4,21,84,40,90,193,22,34
apt,13,3,39,21,24,67,13,33
apt,8,17,136,58,70,141,21,34
apt,12,13,156,89,61,121,18,36
apt,22,4,88,43,103,213,22,37
apt,12,11,132,66,50,100,19,38
apt,5,14,70,38,37,84,19,36
apt,8,14,112,62,45,99,14,31
apt,18,10,180,86,84,172,0,0
tog,5,4,20,10,5,9,19,35
tog,11,17,187,92,65,165,0,0
apt,2,26,52,32,141,300,0,0
apt,13,7,91,41,42,81,18,39
tog,12,10,120,56,40,91,19,36
apt,3,6,18,11,8,11,22,35
apt,16,3,48,24,49,106,21,40
apt,7,18,126,70,73,151,24,33
apt,3,25,75,34,137,277,0,0
tog,10,16,160,72,78,141,20,37
tog,3,10,30,9,19,37,15,34
apt,3,15,45,25,46,92,23,37
apt,16,10,160,88,71,141,23,38
apt,1,10,10,3,21,36,16,33
tog,15,8,120,61,55,112,17,37
tog,18,8,144,68,84,157,17,39
apt,8,11,88,40,32,66,16,37
apt,4,12,48,29,31,58,19,35
apt,16,3,48,26,51,106,11,29
tog,9,8,72,36,26,49,13,35
apt,3,23,69,35,108,232,23,35
tog,20,8,160,74,83,192,0,0
tog,12,5,60,27,35,61,15,39
apt,3,23,69,34,117,232,11,37
tog,8,20,160,76,106,192,0,0
tog,5,18,90,52,64,142,17,35
apt,7,15,105,44,51,106,19,38
apt,10,8,80,42,29,57,19,38
apt,15,10,150,86,54,127,14,37
apt,1,27,27,15,165,325,0,0
apt,14,6,84,47,53,88,17,37
tog,4,5,20,12,5,9,20,36
tog,9,2,18,9,13,28,19,36
apt,6,14,84,44,48,88,18,36
tog,3,25,75,40,143,277,0,0
apt,3,23,69,31,121,232,14,36
apt,2,11,22,10,17,45,17,33
apt,13,15,195,98,75,157,0,0
apt,3,5,15,7,4,7,17,36
tog,6,7,42,21,12,25,27,38
tog,19,4,76,36,72,156,15,32
tog,6,6,36,16,9,20,16,36
apt,15,9,135,66,58,119,23,34
apt,6,2,12,7,5,10,22,37
tog,12,5,60,35,25,61,16,35
apt,17,11,187,95,82,165,0,0
apt,4,8,32,18,12,24,20,33
tog,10,7,70,36,26,51,13,37
tog,3,4,12,7,1,4,16,37
tog,25,3,75,38,136,277,0,0
apt,15,13,195,100,82,157,0,0
apt,6,15,90,42,49,101,19,36
tog,9,14,126,64,41,106,15,35
tog,19,9,171,76,85,181,0,0
apt,13,13,169,78,75,132,19,39
tog,13,2,26,10,27,66,17,32
apt,3,21,63,26,94,191,19,37
apt,3,3,9,7,2,2,19,36
tog,5,19,95,50,78,159,21,34
apt,2,2,4,4,0,0,17,35
tog,5,13,65,36,31,72,16,38
tog,1,25,25,14,140,276,21,36
apt,7,12,84,36,34,70,21,36
tog,9,3,27,10,9,29,18,36
tog,14,9,126,60,59,106,18,37
apt,11,14,154,68,61,123,17,33
apt,15,8,120,55,56,112,18,36
tog,12,16,192,90,101,160,0,0
tog,4,7,28,11,7,18,21,36
apt,24,1,24,10,125,253,16,35
tog,5,3,15,6,3,7,21,31
tog,16,12,192,98,79,160,0,0
tog,12,13,156,72,49,121,16,38
tog,6,9,54,26,20,38,19,34
apt,7,8,56,25,16,36,22,37
tog,4,8,32,17,12,24,16,34
apt,1,20,20,8,82,171,16,35
apt,7,5,35,16,11,21,18,33
tog,1,22,22,7,98,210,20,40
tog,21,7,147,76,96,205,0,0
apt,2,1,2,1,0,0,16,38
apt,22,4,88,43,110,213,13,39
apt,5,10,50,23,15,42,16,38
tog,5,16,80,46,46,111,16,35
tog,7,2,14,9,8,15,21,40
tog,5,8,40,18,17,27,19,35
tog,20,8,160,80,101,192,0,0
apt,19,6,114,55,82,163,17,32
apt,5,6,30,16,8,16,19,36
apt,10,13,130,75,48,102,19,38
apt,3,10,30,11,15,37,17,36
apt,10,1,10,4,21,36,16,34
tog,15,2,30,16,41,91,18,35
tog,13,10,130,68,49,102,19,36
apt,1,16,16,9,60,105,18,37
tog,3,23,69,35,127,232,19,36
apt,7,10,70,36,22,51,15,37
tog,1,2,2,1,0,0,15,35
tog,1,1,1,1,0,0,13,35
apt,13,9,117,50,50,94,19,35
apt,9,17,153,84,77,148,17,40
tog,14,3,42,21,38,79,18,37
apt,23,3,69,37,121,232,20,38
apt,18,5,90,47,72,142,19,37
tog,4,7,28,14,9,18,16,37
tog,2,13,26,16,34,66,18,34
tog,2,23,46,25,109,231,20,36
tog,11,12,132,63,55,100,21,34
apt,7,10,70,32,18,51,22,37
tog,5,8,40,16,11,27,14,34
apt,3,8,24,7,9,22,17,37
apt,15,9,135,69,58,119,22,35
tog,17,7,119,67,66,135,19,37
apt,21,3,63,19,90,191,22,34
apt,3,3,9,6,0,2,21,36
tog,18,2,36,18,73,136,21,37
apt,5,3,15,5,3,7,17,33
apt,1,2,2,2,0,0,19,35
apt,18,8,144,82,64,157,11,36
apt,19,9,171,83,94,181,0,0
apt,11,13,143,68,60,111,19,37
tog,18,6,108,58,70,146,23,38
tog,15,11,165,85,78,136,16,37
apt,6,22,132,82,103,220,0,0
tog,3,17,51,20,62,121,22,39
apt,19,7,133,64,88,168,23,38
apt,9,12,108,41,41,83,19,36
tog,18,2,36,22,77,136,22,39
tog,10,6,60,34,18,46,16,36
apt,21,7,147,66,106,205,0,0
apt,15,7,105,50,45,106,15,36
tog,8,7,56,28,18,36,23,37
apt,19,2,38,17,63,153,13,37
tog,11,11,121,59,40,90,21,37
apt,7,5,35,15,10,21,20,38
apt,16,2,32,17,49,105,13,33
tog,13,1,13,9,35,66,15,33
tog,3,23,69,31,126,232,25,36
apt,7,17,119,51,71,135,19,36
apt,1,18,18,11,65,136,18,35
apt,6,5,30,17,8,16,22,38
apt,4,17,68,41,64,123,13,36
apt,7,12,84,43,39,70,19,35
apt,13,9,117,61,40,94,16,33
tog,9,10,90,48,33,64,17,35
tog,1,5,5,3,3,6,21,38
tog,4,7,28,14,6,18,12,37
tog,8,5,40,19,12,27,16,35
tog,4,13,52,25,37,69,21,35
tog,14,2,28,15,45,78,15,33
apt,5,1,5,1,2,6,16,35
apt,9,14,126,59,57,106,20,38
apt,18,6,108,49,66,146,22,39
tog,10,10,100,58,29,72,22,37
apt,3,25,75,40,153,277,0,0
tog,2,14,28,16,42,78,23,36
tog,5,3,15,6,3,7,12,34
apt,13,13,169,86,61,132,24,36
tog,16,4,64,32,60,108,15,35
apt,11,11,121,71,44,90,18,37
tog,8,7,56,24,15,36,15,37
tog,17,6,102,48,67,130,20,39
tog,13,15,195,113,73,157,0,0
apt,2,12,24,10,26,55,19,37
apt,4,1,4,3,2,3,15,35
tog,4,5,20,6,6,9,16,35
tog,16,8,128,68,57,126,18,37
tog,8,6,48,28,17,31,11,35
tog,21,5,105,50,107,196,22,40
tog,11,1,11,6,23,45,16,35
tog,16,1,16,6,46,105,12,33
apt,8,5,40,21,14,27,17,36
apt,12,9,108,50,38,83,14,31
tog,10,7,70,31,29,51,17,36
apt,1,16,16,12,48,105,21,33
apt,4,10,40,20,21,39,19,35
apt,11,2,22,8,26,45,21,38
apt,16,2,32,13,57,105,16,33
apt,12,8,96,45,46,76,12,39
tog,7,9,63,32,20,43,13,34
apt,11,15,165,83,75,136,25,37
tog,1,4,4,2,1,3,17,39
tog,4,21,84,42,98,193,22,37
tog,11,17,187,91,92,165,0,0
tog,19,5,95,46,88,159,17,34
tog,5,15,75,37,55,97,16,35
apt,5,23,115,56,122,237,0,0
apt,3,23,69,32,114,232,17,38
apt,19,4,76,39,73,156,17,34
tog,8,3,24,15,8,22,15,35
tog,2,21,42,17,96,190,23,37
tog,1,9,9,7,12,28,17,34
apt,4,22,88,50,99,213,12,35
apt,4,22,88,46,101,213,25,38
apt,5,12,60,34,31,61,18,34
tog,8,13,104,56,40,87,20,33
tog,11,10,110,55,39,81,13,36
apt,8,14,112,57,55,99,23,37
apt,10,15,150,74,55,127,11,33
apt,5,20,100,49,88,177,16,36
apt,7,21,147,85,108,205,0,0
apt,7,11,77,34,29,60,14,34
tog,19,7,133,65,90,168,13,34
apt,6,22,132,64,114,220,0,0
apt,13,6,78,43,42,76,12,32
tog,17,11,187,101,84,165,0,0
apt,6,9,54,36,16,38,20,40
apt,10,13,130,63,53,102,26,38
tog,1,8,8,1,9,21,13,34
apt,12,8,96,50,38,76,19,37
apt,4,20,80,42,86,174,12,32
apt,2,7,14,10,8,15,15,37
tog,8,9,72,39,29,49,22,38
tog,4,4,16,13,3,6,18,33
tog,13,12,156,75,62,121,19,35
apt,13,15,195,83,74,157,0,0
apt,20,8,160,77,111,192,0,0
apt,14,12,168,89,57,133,19,38
apt,23,5,115,60,109,237,0,0
tog,12,3,36,18,20,56,17,37
tog,11,5,55,23,22,51,16,35
apt,9,19,171,89,86,181,0,0
apt,11,12,132,73,49,100,19,39
apt,3,8,24,10,9,22,17,35
tog,6,9,54,30,15,38,17,35
apt,7,5,35,11,8,21,15,33
tog,3,12,36,16,21,56,14,35
tog,15,11,165,75,62,136,21,36
tog,5,6,30,17,11,16,15,31
apt,7,1,7,5,8,15,19,38
apt,18,3,54,25,68,137,16,39
tog,11,1,11,5,26,45,20,35
tog,5,7,35,19,14,21,21,34
tog,8,20,160,89,87,192,0,0
tog,11,12,132,68,48,100,17,34
apt,2,11,22,7,23,45,19,37
apt,25,3,75,37,137,277,0,0
tog,1,1,1,1,0,0,23,35
apt,22,2,44,24,105,210,12,35
apt,3,7,21,8,10,16,22,34
tog,2,13,26,12,33,66,16,38
tog,2,24,48,20,138,253,18,36
apt,1,27,27,14,162,325,0,0
tog,2,1,2,2,0,0,18,38
apt,1,17,17,11,57,120,22,36
tog,6,15,90,50,47,101,24,36
apt,5,11,55,29,22,51,24,38
apt,19,7,133,65,91,168,19,39
apt,7,6,42,19,11,25,21,35
tog,22,4,88,48,108,213,26,35
apt,9,12,108,54,38,83,18,31
apt,8,20,160,88,100,192,0,0
apt,8,18,144,76,83,157,19,38
apt,18,10,180,110,82,172,0,0
tog,2,10,20,11,20,36,21,38
apt,4,22,88,39,107,213,19,36
apt,15,3,45,24,51,92,21,38
tog,18,5,90,48,74,142,14,39
apt,12,10,120,64,45,91,17,36
tog,15,1,15,10,44,91,18,37
apt,3,25,75,47,132,277,0,0
tog,13,6,78,48,40,76,22,35
apt,5,16,80,37,57,111,23,35
apt,5,4,20,9,3,9,21,38
tog,6,20,120,57,87,181,16,37
apt,2,9,18,9,11,28,21,39
tog,26,2,52,33,138,300,0,0
apt,10,7,70,28,22,51,20,36
tog,1,21,21,11,105,190,18,35
tog,19,3,57,25,70,154,19,37
tog,6,15,90,50,43,101,18,35
apt,8,17,136,62,72,141,14,30
apt,9,4,36,23,20,31,16,37
apt,3,25,75,41,134,277,0,0
tog,8,20,160,83,98,192,0,0
tog,1,24,24,11,121,253,18,37
apt,5,12,60,29,35,61,17,33
apt,6,14,84,31,48,88,21,37
tog,18,7,126,61,79,151,22,35
tog,23,2,46,26,125,231,19,32
tog,1,7,7,2,8,15,20,35
tog,5,23,115,55,108,237,0,0
apt,17,3,51,29,47,121,22,37
tog,14,3,42,21,46,79,13,35
tog,22,6,132,72,111,220,0,0
apt,19,9,171,94,88,181,0,0
apt,7,21,147,71,108,205,0,0
tog,27,1,27,18,148,325,0,0
tog,3,21,63,33,91,191,21,36
apt,18,10,180,97,89,172,0,0
tog,21,3,63,33,91,191,15,35
tog,12,2,24,13,28,55,22,37
apt,7,7,49,23,14,30,21,38
apt,18,1,18,6,65,136,16,35
apt,19,2,38,12,76,153,22,38
apt,10,1,10,3,18,36,17,36
tog,6,18,108,52,63,146,16,36
tog,1,9,9,6,18,28,20,34
tog,10,8,80,37,26,57,19,35
apt,11,10,110,52,40,81,18,36
tog,10,2,20,13,18,36,13,36
apt,4,16,64,34,59,108,17,38
apt,10,6,60,32,27,46,15,35
tog,6,17,102,58,58,130,19,37
tog,15,2,30,15,42,91,18,35
tog,1,23,23,12,112,231,21,40
tog,7,19,133,65,95,168,14,38
apt,11,12,132,76,51,100,21,35
tog,7,3,21,8,8,16,20,36
apt,19,9,171,93,91,181,0,0
apt,2,24,48,25,141,253,21,38
apt,17,8,136,83,68,141,17,35
apt,4,10,40,18,20,39,15,36
apt,8,10,80,41,31,57,19,36
tog,1,27,27,9,170,325,0,0
apt,6,10,60,34,17,46,16,38
tog,25,3,75,43,153,277,0,0
apt,6,18,108,58,72,146,12,36
apt,9,15,135,65,62,119,20,35
apt,3,6,18,9,9,11,21,33
tog,14,10,140,66,53,114,22,37
apt,14,5,70,32,40,84,11,37
tog,1,13,13,7,37,66,12,33
tog,9,2,18,10,13,28,17,36
apt,3,21,63,34,95,191,17,34
tog,4,15,60,33,43,94,17,36
apt,16,7,112,50,64,120,19,38
apt,15,13,195,96,83,157,0,0
tog,9,3,27,15,15,29,16,36
apt,2,2,4,3,0,0,15,38
tog,22,6,132,61,101,220,0,0
apt,5,15,75,42,45,97,16,38
tog,3,25,75,34,130,277,0,0
tog,16,10,160,75,70,141,8,35
apt,21,5,105,47,91,196,18,40
tog,2,5,10,6,3,6,19,36
tog,22,3,66,29,102,211,21,36
apt,25,3,75,33,146,277,0,0
tog,11,11,121,50,45,90,20,35
apt,3,23,69,33,104,232,13,38
tog,4,4,16,9,2,6,20,34
tog,12,16,192,100,84,160,0,0
tog,7,19,133,70,87,168,19,38
tog,3,25,75,33,133,277,0,0
apt,1,21,21,12,96,190,18,33
tog,8,9,72,31,30,49,18,36
apt,2,21,42,20,96,190,18,39
apt,1,22,22,11,99,210,16,37
apt,10,4,40,15,17,39,18,37
tog,12,9,108,51,43,83,21,35
apt,8,9,72,40,25,49,12,38
tog,4,13,52,29,35,69,18,33
apt,21,5,105,48,104,196,27,37
apt,13,15,195,97,71,157,0,0
tog,4,14,56,26,43,81,14,34
apt,7,12,84,42,33,70,16,36
apt,7,1,7,3,7,15,15,35
apt,11,1,11,9,21,45,15,38
tog,17,11,187,87,75,165,0,0
apt,11,1,11,2,21,45,16,36
apt,6,1,6,6,2,10,21,36
apt,17,3,51,28,67,121,16,35
tog,22,2,44,26,100,210,21,35
tog,4,2,8,1,1,3,25,37
apt,16,4,64,37,59,108,20,37
tog,12,10,120,58,41,91,21,38
tog,4,1,4,1,1,3,16,35
apt,11,13,143,73,55,111,17,37
apt,9,6,54,27,22,38,19,37
tog,5,9,45,22,18,34,19,34
apt,1,6,6,4,8,10,22,37
tog,2,23,46,19,114,231,19,37
apt,2,18,36,15,59,136,22,38
tog,13,13,169,79,65,132,16,38
apt,16,7,112,58,50,120,14,37
apt,10,9,90,52,25,64,20,37
tog,22,4,88,49,112,213,20,39
apt,15,13,195,94,79,157,0,0
tog,17,9,153,72,81,148,21,40
tog,1,11,11,6,28,45,24,35
apt,8,1,8,3,10,21,20,31
tog,1,5,5,2,1,6,19,35
apt,18,3,54,29,67,137,23,38
apt,23,5,115,61,107,237,0,0
apt,6,2,12,5,3,10,20,37
tog,17,4,68,37,54,123,20,35
apt,7,18,126,58,77,151,21,36
apt,7,5,35,13,9,21,15,35
tog,6,20,120,60,86,181,16,37
apt,15,9,135,53,57,119,20,37
apt,3,9,27,10,16,29,18,31
tog,3,19,57,25,79,154,18,37
tog,20,4,80,43,80,174,17,36
tog,11,6,66,33,33,55,18,33
tog,1,13,13,4,38,66,19,40
apt,7,13,91,48,46,81,19,34
apt,5,2,10,7,5,6,23,36
apt,3,12,36,18,30,56,20,35
tog,18,8,144,68,86,157,25,38
apt,13,11,143,84,56,111,18,37
tog,2,17,34,18,46,120,22,38
apt,8,20,160,84,86,192,0,0
apt,13,3,39,19,37,67,19,35
tog,3,14,42,22,29,79,15,35
apt,3,19,57,26,82,154,19,38
tog,5,3,15,7,4,7,14,34
apt,21,3,63,33,94,191,25,38
apt,17,9,153,76,69,148,17,37
tog,4,18,72,39,66,139,13,35
apt,8,20,160,86,79,192,0,0
tog,10,9,90,40,37,64,21,38
tog,6,17,102,47,69,130,14,37
tog,4,19,76,38,84,156,18,37
apt,11,7,77,40,28,60,19,38
tog,6,17,102,44,57,130,22,36
apt,21,7,147,89,100,205,0,0
apt,15,13,195,102,72,157,0,0
tog,5,14,70,35,40,84,20,37
tog,14,8,112,61,51,99,8,34
tog,19,9,171,92,89,181,0,0
apt,5,23,115,52,116,237,0,0
tog,21,7,147,82,95,205,0,0
apt,15,6,90,45,54,101,18,36
apt,7,3,21,11,9,16,15,33
apt,17,7,119,63,61,135,17,39
apt,22,6,132,58,105,220,0,0
apt,6,4,24,12,6,13,21,37
tog,14,10,140,70,65,114,23,36
tog,18,6,108,53,62,146,16,34
tog,2,11,22,12,22,45,22,37
apt,6,20,120,57,83,181,19,35
apt,2,13,26,15,37,66,20,35
tog,5,21,105,56,109,196,21,38
apt,5,19,95,47,76,159,14,37
apt,1,23,23,11,135,231,14,36
tog,8,18,144,70,83,157,18,35
apt,10,3,30,10,19,37,21,39
apt,16,3,48,25,58,106,21,39
apt,15,9,135,83,57,119,19,37
tog,4,18,72,33,60,139,19,37
apt,12,9,108,59,52,83,21,34
tog,21,7,147,89,106,205,0,0
tog,2,2,4,2,0,0,17,37
apt,9,3,27,13,9,29,23,38
tog,16,2,32,14,61,105,21,32
tog,13,13,169,91,76,132,22,39
tog,16,8,128,63,55,126,17,35
apt,22,4,88,48,113,213,9,37
tog,14,11,154,76,65,123,16,34
tog,2,13,26,10,31,66,17,36
apt,9,10,90,42,32,64,19,36
apt,2,5,10,6,2,6,20,37
apt,9,8,72,30,23,49,21,38
tog,13,13,169,76,67,132,14,38
tog,2,15,30,15,47,91,22,35
tog,16,10,160,74,69,141,16,33
apt,8,16,128,62,60,126,18,37
tog,6,10,60,30,21,46,23,37
tog,7,3,21,13,6,16,21,37
tog,5,7,35,17,9,21,23,36
apt,2,4,8,4,1,3,19,33
tog,8,18,144,77,81,157,14,34
tog,10,16,160,69,65,141,21,37
tog,23,3,69,32,126,232,20,36
tog,1,27,27,16,153,325,0,0
tog,7,11,77,36,25,60,17,38
apt,12,5,60,27,32,61,17,35
apt,11,17,187,88,84,165,0,0
tog,3,6,18,12,4,11,29,36
apt,9,19,171,79,98,181,0,0
apt,11,5,55,23,23,51,18,39
apt,11,15,165,82,74,136,10,38
tog,18,2,36,18,66,136,18,37
tog,19,7,133,68,78,168,19,40
apt,15,11,165,85,74,136,17,36
apt,2,4,8,4,3,3,21,34
apt,1,18,18,12,65,136,13,30
apt,2,7,14,6,11,15,16,39
apt,10,12,120,71,48,91,15,37
tog,18,8,144,68,78,157,26,39
tog,23,3,69,38,112,232,11,37
apt,4,4,16,11,1,6,17,37
tog,27,1,27,17,168,325,0,0
tog,2,1,2,2,0,0,14,38
tog,7,9,63,28,22,43,20,33
apt,20,6,120,61,82,181,15,35
apt,12,16,192,92,92,160,0,0
apt,27,1,27,19,179,325,0,0
tog,9,8,72,36,28,49,22,35
apt,24,4,96,44,131,256,0,0
apt,10,12,120,66,45,91,17,36
apt,1,24,24,12,129,253,20,34
apt,3,6,18,9,7,11,14,36
apt,6,22,132,53,105,220,0,0
apt,4,10,40,25,20,39,20,33
apt,6,22,132,65,104,220,0,0
apt,2,7,14,6,8,15,17,34
tog,6,22,132,61,110,220,0,0
apt,4,11,44,21,21,48,16,37
apt,19,4,76,41,68,156,25,36
apt,23,5,115,59,117,237,0,0
apt,21,1,21,12,88,190,20,38
tog,1,25,25,14,126,276,12,39
tog,9,17,153,71,73,148,20,36
tog,8,3,24,7,13,22,21,36
apt,4,10,40,20,16,39,16,36
apt,14,3,42,26,34,79,16,35
tog,2,13,26,14,39,66,17,40
apt,13,15,195,86,74,157,0,0
apt,8,9,72,34,29,49,18,31
apt,15,11,165,76,79,136,17,38
apt,11,11,121,58,40,90,19,37
tog,4,24,96,40,138,256,0,0
apt,11,9,99,41,36,73,16,35
tog,4,9,36,19,14,31,14,38
apt,16,12,192,82,76,160,0,0
apt,4,1,4,3,3,3,24,37
apt,2,16,32,9,47,105,15,36
apt,13,8,104,54,48,87,19,38
tog,9,19,171,76,87,181,0,0
apt,6,5,30,16,9,16,18,36
tog,1,11,11,3,27,45,12,34
apt,23,5,115,56,106,237,0,0
tog,6,20,120,52,82,181,15,35
apt,20,8,160,85,90,192,0,0
apt,27,1,27,18,174,325,0,0
apt,17,11,187,96,82,165,0,0
tog,3,20,60,29,76,172,15,34
apt,21,7,147,76,96,205,0,0
apt,12,14,168,90,65,133,18,37
apt,10,7,70,41,28,51,21,34
apt,10,12,120,66,49,91,15,36
apt,16,10,160,79,67,141,19,39
tog,8,17,136,79,69,141,19,37
apt,6,19,114,67,92,163,22,35
apt,18,1,18,10,71,136,15,35
apt,14,14,196,101,81,156,0,0
apt,25,1,25,12,138,276,16,37
tog,1,3,3,0,1,1,12,32
tog,3,1,3,2,1,1,20,36
tog,4,16,64,30,56,108,23,31
apt,6,10,60,31,20,46,18,37
tog,13,12,156,75,61,121,15,35
tog,7,4,28,13,4,18,28,40
tog,3,9,27,14,7,29,13,35
apt,17,2,34,23,68,120,19,39
apt,13,11,143,56,61,111,14,34
tog,3,25,75,36,135,277,0,0
tog,5,20,100,51,96,177,18,39
tog,7,19,133,78,99,168,23,40
apt,16,1,16,5,50,105,15,36
tog,6,11,66,39,27,55,23,36
apt,5,9,45,25,19,34,19,35
tog,4,22,88,48,112,213,20,38
apt,25,1,25,12,131,276,20,38
tog,12,3,36,22,28,56,14,36
tog,1,3,3,0,1,1,17,35
apt,2,20,40,18,84,171,21,36
apt,14,4,56,27,48,81,12,36
apt,1,22,22,11,100,210,21,36
tog,8,3,24,14,10,22,15,35
apt,7,21,147,76,96,205,0,0
apt,16,6,96,47,61,115,13,37
apt,2,26,52,30,163,300,0,0
apt,13,6,78,37,40,76,19,34
tog,17,4,68,37,53,123,20,38
apt,5,19,95,46,75,159,21,35
apt,5,21,105,50,108,196,14,33
tog,12,12,144,70,53,110,19,37
apt,16,12,192,109,75,160,0,0
apt,20,3,60,40,79,172,21,36
tog,2,12,24,16,21,55,20,36
apt,23,2,46,18,127,231,18,34
tog,15,10,150,73,66,127,9,36
tog,18,10,180,104,89,172,0,0
apt,10,12,120,66,51,91,21,38
tog,6,4,24,13,8,13,15,36
apt,13,15,195,101,95,157,0,0
apt,4,24,96,49,131,256,0,0
tog,3,14,42,24,42,79,21,36
apt,14,7,98,59,48,93,15,34
tog,7,1,7,4,6,15,19,36
tog,27,1,27,15,161,325,0,0
tog,7,8,56,31,21,36,19,38
apt,23,1,23,14,123,231,12,38
apt,13,9,117,72,41,94,20,34
tog,3,5,15,9,3,7,20,35
tog,3,12,36,18,22,56,23,36
tog,15,11,165,84,75,136,17,36
tog,15,13,195,94,88,157,0,0
tog,10,12,120,64,51,91,19,34
tog,3,1,3,2,1,1,24,37
tog,20,3,60,32,79,172,15,39
apt,4,19,76,34,84,156,18,38
apt,16,1,16,5,49,105,16,33
tog,21,2,42,24,105,190,19,37
apt,1,25,25,14,130,276,10,35
apt,24,4,96,56,120,256,0,0
tog,12,16,192,85,81,160,0,0
apt,12,7,84,41,40,70,18,36
tog,23,5,115,58,121,237,0,0
apt,1,27,27,11,162,325,0,0
apt,8,20,160,94,97,192,0,0
tog,19,6,114,63,78,163,16,37
tog,1,22,22,11,91,210,23,28
apt,4,21,84,30,100,193,11,36
apt,6,11,66,35,24,55,12,34
tog,8,2,16,6,5,21,19,35
apt,14,8,112,52,49,99,16,37
apt,3,23,69,37,123,232,18,37
tog,4,17,68,42,58,123,19,37
apt,10,14,140,79,56,114,13,32
apt,10,2,20,12,23,36,17,36
tog,12,5,60,28,33,61,11,36
tog,8,7,56,29,19,36,19,38
apt,1,7,7,4,9,15,14,39
apt,10,2,20,8,14,36,20,38
apt,11,7,77,42,32,60,18,32
apt,25,3,75,42,137,277,0,0
tog,19,3,57,25,89,154,11,39
tog,8,13,104,41,41,87,19,35
tog,16,7,112,52,60,120,20,38
tog,4,18,72,38,74,139,21,36
tog,3,7,21,12,8,16,14,33
apt,8,14,112,58,56,99,14,37
tog,13,11,143,67,57,111,22,36
apt,8,9,72,33,21,49,20,36
apt,16,1,16,7,45,105,15,36
apt,10,7,70,41,24,51,23,35
apt,17,5,85,38,57,126,19,37
tog,12,4,48,23,24,58,20,37
apt,10,1,10,5,21,36,18,39
tog,12,4,48,25,34,58,16,34
apt,2,26,52,22,156,300,0,0
tog,8,18,144,73,84,157,22,38
apt,8,4,32,10,8,24,17,37
tog,5,17,85,51,67,126,10,39
apt,22,1,22,14,109,210,14,35
apt,3,25,75,35,143,277,0,0
apt,10,15,150,79,55,127,14,36
apt,15,11,165,93,69,136,16,39
apt,4,18,72,33,64,139,15,36
apt,2,3,6,3,1,1,19,36
apt,22,3,66,34,114,211,9,35
tog,9,11,99,54,38,73,17,33
apt,11,9,99,48,43,73,15,38
apt,20,2,40,22,94,171,14,35
apt,22,1,22,14,111,210,12,30
tog,15,9,135,79,66,119,18,40
tog,12,1,12,7,35,55,19,34
apt,2,24,48,30,137,253,18,36
apt,18,10,180,104,80,172,0,0
tog,25,1,25,11,123,276,18,36
apt,6,7,42,20,15,25,21,38
tog,22,6,132,69,113,220,0,0
tog,22,6,132,69,120,220,0,0
tog,21,7,147,74,104,205,0,0
apt,13,8,104,56,37,87,18,37
tog,1,20,20,8,90,171,23,36
apt,3,15,45,20,56,92,19,35
tog,6,22,132,67,122,220,0,0
apt,10,1,10,4,22,36,13,38
apt,1,18,18,9,65,136,28,38
tog,6,1,6,5,5,10,11,32
apt,4,19,76,39,79,156,21,35
apt,17,7,119,58,80,135,14,35
apt,15,4,60,33,45,94,17,35
tog,5,14,70,38,37,84,18,37
tog,8,10,80,46,33,57,18,38
apt,11,8,88,48,32,66,14,37
tog,20,2,40,21,91,171,18,35
tog,4,24,96,49,116,256,0,0
tog,22,1,22,11,93,210,17,34
apt,1,7,7,4,9,15,15,37
tog,3,19,57,27,78,154,18,36
apt,7,1,7,4,4,15,22,35
tog,10,8,80,47,25,57,27,36
apt,10,6,60,36,24,46,22,34
apt,4,21,84,41,98,193,18,35
tog,15,10,150,80,67,127,14,35
apt,3,11,33,17,23,46,13,36
apt,23,3,69,35,114,232,20,39
tog,15,1,15,5,50,91,19,38
tog,1,11,11,4,22,45,19,32
apt,6,13,78,40,29,76,22,35
tog,21,7,147,74,97,205,0,0
apt,9,9,81,35,28,56,19,37
apt,1,17,17,5,69,120,20,36
tog,21,7,147,73,103,205,0,0
apt,5,17,85,46,57,126,17,38
tog,6,8,48,28,8,31,19,37
apt,5,16,80,39,67,111,17,33
tog,5,9,45,24,17,34,17,39
apt,6,11,66,34,23,55,17,38
apt,1,19,19,12,68,153,17,33
tog,3,9,27,16,13,29,20,39
tog,25,3,75,37,129,277,0,0
tog,23,1,23,12,106,231,19,35
tog,12,16,192,95,79,160,0,0
apt,8,8,64,32,20,42,28,37
tog,6,10,60,32,27,46,17,35
apt,9,11,99,48,40,73,20,34
apt,3,25,75,46,135,277,0,0
apt,9,19,171,96,95,181,0,0
tog,3,7,21,10,7,16,21,37
tog,8,17,136,71,74,141,20,38
tog,10,2,20,13,17,36,18,36
apt,4,18,72,42,68,139,17,37
apt,12,7,84,33,27,70,17,37
apt,2,13,26,13,28,66,21,37
tog,8,20,160,86,83,192,0,0
tog,14,8,112,57,40,99,19,32
apt,2,26,52,26,154,300,0,0
apt,5,7,35,21,10,21,16,33
apt,15,7,105,54,56,106,19,40
tog,27,1,27,12,172,325,0,0
tog,7,14,98,52,43,93,19,35
apt,19,7,133,57,84,168,20,38
apt,9,11,99,52,30,73,17,36
apt,14,14,196,102,69,156,0,0
apt,22,6,132,57,108,220,0,0
apt,8,5,40,19,15,27,18,32
apt,11,4,44,26,24,48,24,38
tog,20,5,100,50,84,177,20,37
apt,9,13,117,61,52,94,17,37
tog,4,22,88,45,111,213,21,40
apt,4,10,40,15,19,39,14,35
apt,3,9,27,13,13,29,21,38
tog,1,10,10,3,12,36,13,35
tog,10,11,110,54,42,81,10,34
apt,24,1,24,12,137,253,24,37
tog,10,7,70,30,26,51,22,36
tog,10,5,50,21,17,42,16,33
apt,4,18,72,29,65,139,21,37
tog,10,8,80,43,24,57,13,36
apt,5,23,115,57,119,237,0,0
tog,10,14,140,77,57,114,18,37
tog,4,6,24,10,7,13,17,35
tog,20,5,100,51,88,177,16,35
tog,20,2,40,25,88,171,19,38
apt,13,15,195,89,85,157,0,0
tog,10,10,100,57,28,72,18,32
apt,4,1,4,1,2,3,15,36
apt,9,16,144,62,67,133,16,35
tog,17,6,102,52,72,130,20,34
apt,8,16,128,62,64,126,20,38
apt,11,10,110,52,30,81,21,37
tog,10,4,40,20,19,39,18,37
tog,8,14,112,64,44,99,19,38
apt,19,9,171,93,92,181,0,0
apt,19,6,114,46,83,163,11,37
apt,15,13,195,96,80,157,0,0
tog,21,5,105,58,99,196,22,38
apt,8,20,160,83,96,192,0,0
apt,1,13,13,3,30,66,22,39
tog,9,10,90,43,31,64,15,35
tog,5,15,75,41,51,97,17,35
apt,5,13,65,32,39,72,17,32
tog,14,11,154,79,62,123,18,37
apt,15,2,30,12,42,91,23,36
tog,7,9,63,32,23,43,20,36
tog,4,13,52,28,28,69,19,36
tog,23,1,23,14,116,231,17,37
tog,27,1,27,15,180,325,0,0
apt,1,11,11,7,21,45,22,38
apt,10,3,30,17,22,37,16,33
apt,18,10,180,81,86,172,0,0
tog,23,5,115,58,127,237,0,0
tog,9,6,54,28,19,38,16,36
tog,10,10,100,63,34,72,21,36
apt,2,19,38,20,69,153,20,39
apt,1,3,3,0,1,1,18,35
tog,5,23,115,58,128,237,0,0
tog,14,12,168,85,63,133,10,38
apt,5,15,75,32,51,97,20,38
apt,2,26,52,23,138,300,0,0
apt,26,2,52,21,150,300,0,0
tog,9,13,117,60,52,94,11,39
apt,7,10,70,37,25,51,15,33
apt,10,18,180,97,87,172,0,0
tog,14,10,140,80,59,114,18,33
tog,9,5,45,22,20,34,15,36
apt,3,10,30,13,15,37,20,37
tog,22,3,66,35,107,211,27,38
apt,14,9,126,67,53,106,20,35
apt,18,8,144,66,82,157,19,37
tog,10,14,140,65,56,114,25,38
tog,5,4,20,9,3,9,17,36
apt,16,12,192,90,80,160,0,0
tog,26,2,52,27,140,300,0,0
tog,11,10,110,51,36,81,15,35
tog,2,3,6,4,0,1,21,36
tog,6,15,90,42,46,101,23,36
tog,25,3,75,38,142,277,0,0
tog,9,19,171,75,80,181,0,0
apt,13,13,169,83,67,132,28,36
apt,14,10,140,70,47,114,21,37
tog,8,9,72,33,20,49,18,36
apt,6,22,132,63,109,220,0,0
tog,10,9,90,47,30,64,13,37
tog,11,10,110,44,46,81,21,37
tog,15,7,105,45,55,106,20,37
apt,3,21,63,30,95,191,24,37
tog,7,7,49,27,18,30,16,34
apt,14,7,98,53,55,93,12,34
apt,17,5,85,44,59,126,12,29
tog,15,13,195,108,82,157,0,0
tog,9,15,135,69,59,119,24,36
apt,18,8,144,66,75,157,12,36
apt,2,13,26,14,28,66,12,37
tog,19,2,38,21,69,153,20,38
apt,2,26,52,24,146,300,0,0
apt,11,2,22,14,24,45,20,36
apt,19,3,57,29,80,154,21,34
apt,12,16,192,104,77,160,0,0
apt,9,6,54,26,14,38,22,39
apt,8,5,40,19,17,27,18,34
apt,6,12,72,37,27,65,25,39
tog,19,5,95,50,74,159,13,38
tog,10,5,50,25,22,42,20,37
apt,6,20,120,63,87,181,15,37
tog,11,10,110,65,39,81,19,37
tog,12,7,84,42,34,70,23,35
apt,10,14,140,66,56,114,17,37
tog,18,7,126,64,76,151,17,36
tog,3,16,48,26,48,106,15,34
apt,15,2,30,17,54,91,15,34
apt,8,7,56,25,8,36,20,36
tog,1,3,3,1,0,1,20,35
tog,3,1,3,1,0,1,20,34
apt,3,1,3,1,0,1,14,36
tog,7,11,77,43,27,60,17,38
apt,16,3,48,27,56,106,24,34
tog,7,11,77,33,33,60,11,38
apt,24,1,24,13,128,253,21,39
tog,6,2,12,5,4,10,18,36
apt,10,14,140,64,57,114,13,36
tog,11,12,132,72,53,100,18,39
tog,15,5,75,42,50,97,15,33
tog,19,9,171,90,87,181,0,0
apt,3,8,24,15,9,22,20,38
tog,5,9,45,20,16,34,15,39
apt,6,9,54,27,12,38,18,36
apt,25,1,25,12,141,276,25,38
tog,17,4,68,32,63,123,14,39
apt,22,3,66,32,124,211,14,35
apt,10,1,10,5,14,36,16,36
apt,10,4,40,22,19,39,24,38
apt,21,2,42,23,95,190,19,33
tog,5,20,100,44,94,177,22,31
apt,21,5,105,55,103,196,19,37
tog,5,2,10,5,3,6,23,35
tog,1,14,14,8,37,78,24,38
apt,3,21,63,33,102,191,15,37
apt,9,11,99,54,41,73,22,38
tog,8,8,64,29,27,42,15,39
apt,1,2,2,1,0,0,20,38
tog,1,2,2,1,0,0,20,36
apt,3,25,75,39,124,277,0,0
apt,4,6,24,15,9,13,21,34
apt,10,1,10,6,16,36,17,35
apt,10,15,150,65,70,127,13,36
apt,7,8,56,30,21,36,19,35
tog,22,6,132,73,114,220,0,0
tog,6,22,132,68,126,220,0,0
apt,1,18,18,12,63,136,21,35
apt,16,6,96,55,54,115,16,34
tog,23,5,115,59,121,237,0,0
apt,10,11,110,53,49,81,15,36
tog,12,13,156,84,58,121,19,37
apt,11,17,187,97,90,165,0,0
tog,11,6,66,40,29,55,17,38
tog,17,9,153,67,78,148,11,38
tog,8,12,96,44,41,76,15,37
tog,8,18,144,78,86,157,21,38
tog,13,11,143,77,51,111,14,35
apt,14,4,56,26,46,81,20,37
apt,4,22,88,45,111,213,25,39
apt,25,3,75,41,138,277,0,0
tog,23,5,115,56,114,237,0,0
tog,3,16,48,30,56,106,20,37
tog,17,5,85,44,63,126,24,37
apt,3,8,24,9,11,22,13,35
apt,9,10,90,43,37,64,20,36
apt,1,24,24,9,132,253,19,37
tog,17,11,187,94,91,165,0,0
apt,1,24,24,9,132,253,20,36
apt,19,6,114,55,80,163,17,35
apt,6,6,36,14,6,20,19,36
tog,18,7,126,65,73,151,18,37
apt,1,20,20,8,81,171,16,38
apt,4,8,32,18,8,24,17,34
apt,21,7,147,67,106,205,0,0
tog,12,8,96,42,36,76,23,35
apt,8,8,64,24,25,42,15,34
tog,25,3,75,37,145,277,0,0
apt,4,17,68,35,53,123,18,38
tog,17,11,187,89,79,165,0,0
tog,19,2,38,16,82,153,15,37
apt,5,23,115,53,122,237,0,0
tog,23,5,115,57,118,237,0,0
apt,1,23,23,13,122,231,12,39
tog,11,12,132,67,50,100,14,34
tog,8,3,24,12,10,22,22,37
apt,8,20,160,77,95,192,0,0
tog,1,15,15,7,47,91,19,35
apt,1,17,17,7,51,120,19,38
apt,8,14,112,53,48,99,20,34
tog,7,15,105,52,51,106,20,37
tog,21,5,105,44,94,196,22,38
tog,23,5,115,49,119,237,0,0
tog,10,18,180,93,89,172,0,0
tog,7,12,84,36,40,70,16,36
apt,22,2,44,19,118,210,19,36
tog,15,11,165,76,73,136,15,38
tog,1,2,2,0,0,0,16,37
apt,17,6,102,52,63,130,17,36
apt,15,10,150,80,56,127,23,39
apt,24,2,48,23,125,253,14,35
tog,9,10,90,44,35,64,17,35
apt,25,1,25,15,141,276,17,34
tog,3,21,63,28,92,191,20,36
tog,21,4,84,40,93,193,17,35
tog,11,2,22,13,20,45,17,34
apt,13,2,26,14,39,66,21,34
apt,12,14,168,86,63,133,18,38
apt,5,16,80,37,50,111,22,37
apt,13,4,52,24,42,69,18,32
tog,3,20,60,35,93,172,15,33
apt,6,14,84,40,45,88,24,36
tog,10,13,130,62,40,102,14,30
apt,2,16,32,19,41,105,15,33
apt,2,7,14,9,10,15,17,34
apt,4,11,44,18,21,48,20,34
tog,3,10,30,13,15,37,15,32
apt,15,1,15,10,36,91,19,35
apt,21,4,84,45,92,193,15,33
apt,11,2,22,11,21,45,13,36
apt,19,9,171,82,93,181,0,0
apt,22,3,66,37,98,211,23,35
apt,7,7,49,24,17,30,21,36
tog,18,3,54,23,64,137,18,33
apt,18,2,36,17,61,136,19,36
apt,6,20,120,67,83,181,21,38
apt,1,23,23,10,107,231,14,31
tog,12,3,36,15,33,56,13,37
apt,6,10,60,23,19,46,18,32
apt,25,3,75,41,123,277,0,0
tog,5,16,80,44,48,111,15,36
tog,7,7,49,32,16,30,15,34
tog,5,12,60,31,31,61,16,36
apt,9,4,36,19,19,31,19,36
apt,14,12,168,80,61,133,22,38
apt,11,1,11,6,26,45,24,38
apt,16,9,144,70,68,133,26,37
tog,15,5,75,47,54,97,18,35
apt,22,1,22,15,105,210,17,32
tog,17,4,68,32,61,123,23,38
apt,2,12,24,11,24,55,17,33
tog,1,24,24,7,138,253,19,40
tog,12,10,120,61,40,91,18,35
tog,4,24,96,53,121,256,0,0
tog,16,5,80,33,52,111,14,35
tog,1,24,24,14,127,253,19,38
apt,15,9,135,68,56,119,23,34
apt,17,9,153,79,72,148,16,37
tog,15,3,45,23,44,92,21,35
apt,17,7,119,72,60,135,12,37
tog,23,3,69,36,124,232,6,33
apt,5,21,105,53,105,196,21,37
tog,21,1,21,9,92,190,19,34
tog,15,13,195,111,85,157,0,0
tog,4,13,52,27,32,69,18,38
tog,11,12,132,60,56,100,16,34
tog,14,6,84,43,36,88,10,36
tog,26,2,52,28,141,300,0,0
apt,5,19,95,49,76,159,21,35
apt,22,2,44,20,101,210,20,33
tog,2,6,12,5,5,10,15,34
apt,2,9,18,6,13,28,19,37
apt,2,21,42,19,95,190,14,35
tog,6,14,84,38,38,88,17,38
tog,17,9,153,71,81,148,14,38
tog,22,1,22,14,98,210,17,39
apt,20,3,60,30,93,172,15,37
tog,7,19,133,60,77,168,25,36
apt,17,7,119,59,74,135,16,35
tog,27,1,27,17,158,325,0,0
apt,8,1,8,2,9,21,17,37
apt,10,14,140,63,59,114,21,35
apt,6,20,120,71,93,181,19,37
tog,1,4,4,1,2,3,17,34
tog,21,7,147,60,91,205,0,0
apt,10,11,110,54,38,81,21,37
tog,4,24,96,45,129,256,0,0
tog,1,12,12,3,29,55,18,36
apt,22,6,132,75,111,220,0,0
tog,8,20,160,81,100,192,0,0
apt,17,3,51,29,68,121,13,35
apt,3,2,6,2,0,1,16,38
apt,2,10,20,11,20,36,16,35
apt,2,10,20,11,20,36,13,35
tog,14,5,70,33,39,84,21,35
tog,1,10,10,3,15,36,20,39
tog,20,5,100,48,84,177,17,38
tog,13,15,195,101,82,157,0,0
apt,15,4,60,33,53,94,19,37
tog,19,7,133,57,89,168,18,39
tog,2,18,36,17,56,136,13,35
tog,3,22,66,28,107,211,22,35
apt,7,1,7,5,6,15,15,35
tog,14,14,196,93,72,156,0,0
apt,18,10,180,92,85,172,0,0
tog,2,26,52,29,158,300,0,0
tog,10,13,130,70,51,102,24,38
tog,27,1,27,7,173,325,0,0
tog,16,6,96,52,53,115,11,35
tog,3,25,75,37,153,277,0,0
apt,1,23,23,10,101,231,22,38
apt,2,2,4,2,0,0,13,38
apt,7,18,126,64,81,151,18,37
tog,5,1,5,2,2,6,15,35
apt,4,21,84,42,89,193,14,36
tog,22,6,132,56,110,220,0,0
apt,2,1,2,2,0,0,8,38
tog,13,5,65,25,48,72,20,38
tog,13,1,13,7,32,66,20,36
apt,19,2,38,15,80,153,14,35
tog,19,9,171,95,101,181,0,0
apt,22,4,88,55,116,213,17,38
apt,5,13,65,27,43,72,19,38
tog,14,10,140,67,62,114,11,32
apt,9,14,126,62,57,106,22,37
tog,4,2,8,2,1,3,24,36
apt,9,12,108,50,47,83,15,35
tog,5,2,10,6,5,6,16,33
apt,2,26,52,31,154,300,0,0
tog,3,23,69,33,106,232,17,37
apt,25,1,25,16,133,276,18,40
tog,17,11,187,94,72,165,0,0
apt,6,20,120,59,84,181,16,39
tog,7,13,91,55,40,81,16,39
tog,14,1,14,7,33,78,21,35
tog,6,11,66,26,29,55,18,39
tog,22,4,88,44,106,213,21,37
apt,1,10,10,4,16,36,16,32
tog,1,19,19,10,83,153,21,36
apt,3,18,54,25,69,137,19,34
tog,2,21,42,20,101,190,19,34
apt,13,10,130,59,58,102,23,34
apt,11,9,99,44,39,73,25,36
tog,11,1,11,7,19,45,19,37
tog,14,6,84,35,45,88,21,36
apt,6,20,120,57,79,181,16,38
apt,14,6,84,40,40,88,18,38
tog,4,4,16,10,1,6,16,36
tog,11,17,187,94,78,165,0,0
apt,18,1,18,8,65,136,17,37
apt,5,16,80,40,55,111,18,36
tog,18,1,18,7,60,136,11,31
apt,2,14,28,16,40,78,14,37
apt,10,11,110,62,44,81,17,38
apt,11,3,33,15,24,46,18,37
tog,16,7,112,59,64,120,22,34
tog,1,3,3,2,1,1,20,34
tog,3,18,54,24,69,137,20,38
apt,22,4,88,50,103,213,17,36
apt,11,17,187,83,89,165,0,0
tog,7,21,147,73,96,205,0,0
tog,12,7,84,39,36,70,20,37
apt,18,1,18,8,68,136,22,35
tog,16,10,160,88,68,141,23,38
tog,4,8,32,17,7,24,17,35
tog,9,17,153,61,81,148,25,39
tog,12,5,60,35,33,61,17,34
tog,25,3,75,38,127,277,0,0
apt,12,14,168,78,67,133,18,39
apt,11,9,99,45,32,73,16,33
tog,11,7,77,37,29,60,20,36
apt,3,8,24,9,11,22,17,37
apt,6,5,30,21,6,16,18,33
apt,5,6,30,11,6,16,16,37
apt,8,2,16,9,9,21,21,35
apt,15,6,90,41,51,101,17,38
apt,2,24,48,28,121,253,21,38
apt,21,1,21,12,85,190,17,35
tog,3,25,75,41,134,277,0,0
apt,2,13,26,14,29,66,14,36
apt,6,22,132,66,108,220,0,0
apt,21,4,84,43,96,193,15,34
tog,14,12,168,87,63,133,13,37
apt,4,11,44,24,18,48,15,34
tog,10,13,130,64,59,102,12,33
tog,9,12,108,56,39,83,20,36
apt,11,7,77,39,28,60,9,35
tog,14,8,112,57,46,99,17,36
apt,1,12,12,6,29,55,18,37
tog,24,1,24,12,118,253,15,33
tog,1,4,4,3,1,3,18,38
tog,1,8,8,5,8,21,17,36
tog,17,11,187,100,83,165,0,0
tog,2,24,48,24,128,253,15,37
apt,12,13,156,72,62,121,17,38
apt,5,12,60,35,24,61,19,37
apt,12,14,168,68,60,133,20,36
tog,3,25,75,41,127,277,0,0
apt,2,1,2,0,0,0,16,39
apt,14,14,196,92,71,156,0,0
tog,12,1,12,5,24,55,18,37
tog,2,7,14,6,7,15,20,40
apt,24,4,96,42,136,256,0,0
tog,3,4,12,9,1,4,12,37
apt,20,3,60,32,87,172,23,35
apt,9,10,90,42,35,64,17,32
tog,6,4,24,12,7,13,20,39
apt,8,12,96,46,42,76,22,38
apt,1,27,27,14,151,325,0,0
apt,11,9,99,39,33,73,23,38
apt,17,5,85,44,56,126,18,33
apt,6,18,108,52,73,146,18,35
apt,3,20,60,25,71,172,22,38
apt,4,11,44,22,19,48,15,32
tog,1,15,15,9,50,91,17,37
apt,2,14,28,10,39,78,12,36
tog,13,15,195,99,72,157,0,0
tog,13,6,78,40,39,76,17,35
tog,21,2,42,21,89,190,15,33
tog,3,9,27,16,13,29,15,34
tog,10,3,30,17,20,37,15,34
apt,26,2,52,24,134,300,0,0
apt,14,8,112,64,49,99,16,36
apt,11,11,121,62,55,90,23,36
tog,1,21,21,7,104,190,15,36
apt,18,1,18,10,67,136,22,39
apt,4,6,24,10,10,13,20,37
apt,8,13,104,52,45,87,15,35
tog,6,3,18,9,7,11,17,39
apt,13,15,195,100,77,157,0,0
apt,6,9,54,32,20,38,19,36
tog,4,3,12,6,2,4,18,35
apt,7,4,28,18,6,18,18,33
tog,20,5,100,51,94,177,17,37
tog,23,5,115,56,133,237,0,0
apt,13,3,39,18,39,67,17,36
apt,9,19,171,82,85,181,0,0
tog,5,4,20,7,7,9,19,38
tog,2,22,44,19,108,210,14,38
tog,20,8,160,81,108,192,0,0
apt,4,10,40,22,22,39,18,38
tog,17,8,136,83,77,141,25,35
tog,2,23,46,26,116,231,23,37
apt,4,1,4,2,0,3,20,37
tog,25,3,75,37,139,277,0,0
apt,19,4,76,34,73,156,17,38
apt,13,15,195,98,71,157,0,0
apt,19,3,57,28,76,154,24,38
apt,9,17,153,68,67,148,17,39
apt,19,7,133,68,84,168,21,37
apt,13,15,195,89,95,157,0,0
tog,8,20,160,82,99,192,0,0
apt,9,2,18,10,11,28,22,39
tog,19,7,133,59,84,168,19,37
apt,4,9,36,13,12,31,14,30
tog,9,16,144,78,46,133,14,34
apt,13,13,169,85,66,132,17,37
apt,14,12,168,73,64,133,26,38
tog,15,13,195,89,69,157,0,0
apt,11,4,44,20,26,48,19,36
tog,2,11,22,10,18,45,20,34
apt,19,9,171,88,100,181,0,0
tog,6,13,78,35,43,76,21,37
tog,9,2,18,4,11,28,15,38
tog,4,12,48,17,28,58,16,34
tog,25,1,25,15,141,276,17,38
apt,23,2,46,21,122,231,23,38
tog,24,2,48,19,125,253,26,39
tog,2,15,30,17,41,91,23,36
apt,16,12,192,102,82,160,0,0
tog,8,7,56,27,17,36,24,35
apt,2,15,30,15,42,91,20,36
tog,15,13,195,94,71,157,0,0
apt,3,10,30,20,19,37,15,36
apt,19,4,76,36,84,156,20,34
tog,11,15,165,92,65,136,20,34
apt,18,5,90,50,77,142,18,35
apt,23,5,115,57,119,237,0,0
tog,2,22,44,23,107,210,17,38
apt,7,19,133,74,78,168,23,39
apt,1,27,27,15,170,325,0,0
tog,20,6,120,60,80,181,16,38
tog,2,23,46,21,104,231,20,38
apt,1,18,18,11,75,136,22,37
tog,4,18,72,35,72,139,16,32
tog,18,10,180,92,89,172,0,0
tog,2,20,40,18,91,171,19,36
tog,13,4,52,28,33,69,11,35
tog,16,10,160,89,75,141,23,37
apt,7,3,21,13,8,16,14,38
apt,17,11,187,100,92,165,0,0
apt,8,1,8,3,9,21,20,38
apt,4,1,4,1,1,3,16,34
tog,2,2,4,4,0,0,16,37
tog,19,7,133,67,90,168,21,38
apt,20,2,40,18,84,171,17,35
apt,4,10,40,25,22,39,17,36
tog,4,8,32,16,13,24,21,36
tog,9,10,90,50,36,64,22,37
apt,14,8,112,54,51,99,18,35
apt,18,1,18,14,70,136,14,33
tog,2,9,18,6,17,28,17,30
tog,8,4,32,18,14,24,15,35
tog,9,14,126,67,52,106,22,38
tog,10,12,120,53,42,91,16,34
tog,7,2,14,7,6,15,18,37
tog,10,3,30,12,23,37,19,36
tog,13,9,117,60,43,94,23,39
apt,17,9,153,77,70,148,19,37
tog,12,2,24,11,20,55,19,33
tog,13,15,195,99,74,157,0,0
apt,23,3,69,37,123,232,14,38
apt,1,2,2,1,0,0,22,36
apt,6,12,72,28,33,65,18,38
apt,1,3,3,3,0,1,20,37
apt,5,4,20,10,5,9,22,36
apt,4,11,44,21,28,48,15,35
tog,24,2,48,19,133,253,16,37
apt,5,17,85,45,61,126,19,34
tog,13,8,104,50,44,87,16,35
apt,1,14,14,8,46,78,14,35
tog,17,2,34,19,62,120,16,37
apt,6,9,54,22,18,38,17,33
apt,16,12,192,100,84,160,0,0
tog,6,20,120,59,92,181,15,37
tog,16,1,16,7,43,105,18,36
apt,19,9,171,86,89,181,0,0
tog,20,6,120,59,92,181,16,35
tog,9,3,27,15,10,29,13,37
apt,21,5,105,56,102,196,17,38
apt,7,8,56,25,22,36,21,37
apt,3,25,75,39,145,277,0,0
tog,4,20,80,41,87,174,18,35
apt,22,6,132,77,106,220,0,0
apt,6,15,90,45,49,101,17,35
tog,7,14,98,42,46,93,23,38
tog,20,6,120,52,91,181,22,39
tog,3,15,45,27,45,92,15,33
tog,11,17,187,82,87,165,0,0
tog,12,14,168,80,55,133,28,39
apt,3,23,69,39,114,232,19,37
apt,11,7,77,40,34,60,18,34
tog,2,6,12,8,6,10,17,39
tog,4,11,44,20,27,48,23,34
apt,16,1,16,10,54,105,18,36
tog,9,17,153,74,77,148,17,38
apt,1,10,10,6,16,36,16,38
tog,10,6,60,32,26,46,18,38
tog,12,5,60,31,28,61,11,37
tog,1,22,22,12,93,210,18,39
apt,24,4,96,51,116,256,0,0
tog,20,2,40,19,77,171,18,33
apt,7,21,147,74,114,205,0,0
apt,9,17,153,77,81,148,20,38
apt,8,12,96,49,40,76,17,35
tog,24,2,48,18,141,253,18,36
apt,13,13,169,91,63,132,16,36
apt,11,7,77,40,23,60,15,39
apt,12,16,192,87,79,160,0,0
apt,22,4,88,58,111,213,17,38
apt,13,10,130,62,52,102,18,38
apt,18,2,36,18,69,136,22,34
tog,4,18,72,38,83,139,21,38
tog,16,1,16,7,40,105,19,37
apt,20,8,160,66,93,192,0,0
apt,8,16,128,67,65,126,20,34
apt,16,3,48,23,62,106,21,36
tog,8,14,112,63,53,99,21,38
tog,27,1,27,8,161,325,0,0
tog,6,12,72,35,34,65,21,35
apt,17,3,51,26,63,121,15,34
tog,25,3,75,33,129,277,0,0
tog,15,6,90,47,58,101,18,39
apt,26,2,52,26,134,300,0,0
apt,14,8,112,49,56,99,21,36
apt,22,4,88,38,110,213,23,38
apt,17,9,153,80,74,148,26,38
apt,8,6,48,17,23,31,15,32
apt,1,27,27,15,162,325,0,0
apt,7,1,7,5,5,15,19,36
tog,6,8,48,20,13,31,13,34
apt,13,1,13,6,42,66,18,33
apt,16,9,144,82,61,133,17,38
apt,22,3,66,32,112,211,20,35
apt,6,22,132,60,107,220,0,0
apt,23,5,115,53,124,237,0,0
apt,12,16,192,94,80,160,0,0
apt,13,5,65,32,39,72,14,34
tog,21,3,63,39,96,191,25,36
apt,1,20,20,11,86,171,18,37
tog,22,6,132,62,101,220,0,0
tog,6,10,60,25,26,46,17,38
apt,2,10,20,10,19,36,17,36
apt,14,14,196,95,75,156,0,0
tog,13,15,195,80,75,157,0,0
tog,2,23,46,21,114,231,10,38
apt,17,6,102,51,68,130,15,33
apt,14,9,126,58,66,106,10,37
apt,15,13,195,93,81,157,0,0
apt,12,7,84,41,36,70,18,33
apt,5,19,95,56,74,159,20,36
apt,3,8,24,14,7,22,21,38
tog,9,11,99,44,25,73,18,35
apt,19,4,76,33,83,156,17,38
apt,16,12,192,90,77,160,0,0
tog,22,6,132,62,109,220,0,0
apt,4,6,24,17,5,13,19,37
tog,1,24,24,14,130,253,16,35
tog,16,7,112,48,62,120,19,38
apt,4,16,64,33,49,108,16,35
apt,14,14,196,97,66,156,0,0
apt,1,13,13,5,39,66,21,37
apt,16,6,96,48,63,115,24,39
tog,6,10,60,32,22,46,16,37
tog,13,12,156,86,64,121,19,37
tog,12,16,192,90,87,160,0,0
apt,10,6,60,29,19,46,22,33
tog,6,18,108,56,77,146,19,37
tog,15,10,150,80,64,127,15,33
tog,11,17,187,97,85,165,0,0
apt,3,11,33,18,20,46,18,30
apt,7,21,147,69,98,205,0,0
tog,21,1,21,7,91,190,18,37
tog,9,16,144,78,61,133,11,35
tog,3,11,33,18,24,46,15,32
tog,11,1,11,3,21,45,17,35
apt,9,3,27,16,14,29,14,35
tog,5,19,95,48,72,159,15,36
apt,23,1,23,11,110,231,11,35
apt,6,18,108,55,74,146,14,38
apt,20,2,40,22,80,171,13,36
apt,11,12,132,67,42,100,21,38
apt,9,19,171,77,85,181,0,0
tog,6,22,132,70,116,220,0,0
tog,2,9,18,9,11,28,19,34
apt,2,17,34,15,64,120,18,34
apt,2,5,10,3,3,6,16,37
apt,3,21,63,32,101,191,21,36
apt,2,21,42,13,99,190,18,37
tog,1,23,23,8,117,231,9,34
apt,10,1,10,7,13,36,26,40
apt,1,27,27,11,161,325,0,0
apt,12,16,192,93,87,160,0,0
apt,16,12,192,98,89,160,0,0
apt,22,4,88,39,104,213,17,38
apt,2,19,38,18,76,153,15,37
apt,23,5,115,65,127,237,0,0
apt,13,8,104,49,44,87,19,34
tog,27,1,27,12,179,325,0,0
apt,12,16,192,105,86,160,0,0
apt,14,4,56,24,43,81,14,35
apt,10,9,90,45,28,64,15,34
tog,19,5,95,52,72,159,14,36
tog,9,2,18,10,16,28,17,35
apt,13,15,195,88,79,157,0,0
apt,21,3,63,29,101,191,19,36
tog,1,19,19,14,82,153,20,38
tog,15,2,30,12,46,91,16,34
tog,7,4,28,14,6,18,18,37
tog,26,2,52,26,158,300,0,0
tog,12,5,60,29,31,61,18,36
apt,5,15,75,39,51,97,22,38
apt,7,3,21,9,9,16,18,35
tog,14,2,28,14,27,78,25,36
tog,19,4,76,37,86,156,18,38
tog,6,11,66,39,27,55,17,32
apt,23,5,115,63,127,237,0,0
apt,1,8,8,3,10,21,16,36
apt,1,7,7,3,7,15,19,36
tog,5,5,25,12,6,12,12,35
apt,13,6,78,40,41,76,22,36
tog,22,1,22,10,109,210,14,34
apt,1,20,20,9,80,171,19,36
apt,1,14,14,6,43,78,13,36
apt,7,11,77,45,22,60,27,38
tog,25,3,75,39,130,277,0,0
apt,1,25,25,13,144,276,14,37
tog,3,4,12,8,3,4,16,37
tog,5,23,115,70,114,237,0,0
apt,6,4,24,10,5,13,20,35
apt,16,4,64,28,52,108,16,38
tog,13,10,130,68,54,102,27,38
apt,7,1,7,4,5,15,14,37
tog,2,2,4,1,0,0,17,36
apt,5,9,45,22,19,34,14,35
apt,9,8,72,40,31,49,13,33
apt,13,15,195,100,69,157,0,0
apt,3,25,75,35,133,277,0,0
tog,11,4,44,19,18,48,21,35
tog,13,12,156,71,60,121,19,37
apt,4,7,28,12,9,18,12,35
apt,3,1,3,1,1,1,16,35
tog,21,1,21,14,89,190,18,34
apt,1,21,21,9,88,190,14,34
apt,10,8,80,37,26,57,21,35
apt,10,5,50,19,20,42,16,35
tog,14,14,196,99,87,156,0,0
tog,2,7,14,7,9,15,16,34
apt,1,27,27,12,182,325,0,0
tog,2,8,16,8,11,21,19,35
tog,3,2,6,2,1,1,15,36
tog,14,5,70,34,43,84,20,34
tog,9,9,81,42,31,56,16,34
tog,9,8,72,35,23,49,26,38
tog,13,15,195,104,70,157,0,0
apt,2,6,12,8,4,10,15,36
tog,4,14,56,25,39,81,20,39
tog,3,17,51,27,54,121,19,39
tog,6,20,120,60,96,181,15,40
apt,14,7,98,48,44,93,19,34
apt,6,10,60,24,16,46,20,37
apt,4,16,64,31,56,108,19,38
tog,7,15,105,56,59,106,12,38
apt,4,9,36,18,16,31,15,35
tog,11,17,187,92,87,165,0,0
tog,13,15,195,95,70,157,0,0
apt,12,7,84,45,35,70,18,35
tog,3,15,45,23,50,92,19,37
tog,2,24,48,22,129,253,21,36
apt,12,16,192,102,93,160,0,0
apt,13,15,195,102,85,157,0,0
tog,10,11,110,55,37,81,21,30
apt,9,4,36,19,12,31,18,34
tog,15,5,75,40,51,97,20,37
tog,4,6,24,13,7,13,18,35
apt,14,14,196,96,88,156,0,0
apt,7,19,133,69,77,168,20,38
tog,8,12,96,50,42,76,15,34
tog,17,5,85,40,63,126,19,37
tog,4,24,96,51,124,256,0,0
tog,10,14,140,67,55,114,19,36
apt,7,9,63,39,21,43,18,33
apt,15,9,135,64,61,119,24,34
tog,4,12,48,21,26,58,21,37
apt,11,7,77,43,32,60,14,31
apt,2,15,30,23,43,91,15,35
apt,1,16,16,7,46,105,17,37
tog,9,14,126,69,45,106,17,39
tog,2,20,40,22,74,171,16,34
apt,4,24,96,51,134,256,0,0
apt,1,25,25,12,142,276,14,38
apt,21,1,21,11,101,190,15,36
tog,20,2,40,17,83,171,20,34
apt,6,16,96,48,56,115,19,32
apt,2,8,16,12,13,21,22,37
tog,15,13,195,88,81,157,0,0
apt,6,6,36,17,13,20,13,35
tog,9,13,117,62,50,94,21,35
apt,11,5,55,29,23,51,15,39
apt,9,3,27,18,18,29,20,37
apt,9,16,144,78,61,133,15,35
apt,3,15,45,21,46,92,16,39
tog,22,1,22,8,111,210,16,39
tog,5,19,95,45,69,159,19,36
tog,5,8,40,17,13,27,21,35
apt,4,17,68,29,51,123,17,36
tog,11,15,165,81,81,136,18,37
tog,10,8,80,45,32,57,14,36
tog,7,6,42,25,10,25,18,31
apt,20,3,60,31,81,172,22,35
tog,7,3,21,12,9,16,17,33
apt,1,20,20,9,81,171,13,36
tog,2,17,34,18,56,120,18,36
apt,17,8,136,67,84,141,19,34
apt,2,15,30,20,43,91,15,39
apt,16,8,128,61,60,126,16,31
apt,7,6,42,17,14,25,20,37
tog,12,16,192,113,79,160,0,0
apt,24,2,48,27,124,253,20,39
tog,17,7,119,58,70,135,14,30
tog,6,10,60,25,21,46,18,36
apt,9,10,90,49,40,64,23,38
tog,14,14,196,107,84,156,0,0
tog,10,18,180,105,79,172,0,0
apt,3,15,45,23,51,92,13,36
tog,20,8,160,73,99,192,0,0
apt,15,3,45,29,45,92,16,36
apt,7,19,133,66,93,168,23,34
tog,9,3,27,8,11,29,15,35
apt,5,5,25,13,8,12,13,35
tog,5,18,90,44,71,142,16,38
tog,3,6,18,9,4,11,12,38
apt,7,21,147,80,102,205,0,0
apt,7,1,7,2,6,15,17,34
apt,5,23,115,60,116,237,0,0
tog,7,21,147,80,101,205,0,0
tog,22,6,132,59,112,220,0,0
apt,3,25,75,41,128,277,0,0
apt,8,4,32,14,14,24,18,35
tog,5,7,35,19,13,21,22,36
tog,7,9,63,29,18,43,15,34
tog,3,25,75,40,138,277,0,0
apt,4,12,48,25,26,58,26,38
tog,5,18,90,41,62,142,18,34
tog,1,24,24,14,116,253,18,36
tog,18,10,180,89,70,172,0,0
tog,24,2,48,28,128,253,15,39
apt,6,22,132,69,93,220,0,0
apt,7,15,105,55,47,106,19,37
tog,2,16,32,19,48,105,21,35
apt,16,12,192,88,74,160,0,0
tog,12,9,108,55,38,83,20,31
tog,12,6,72,33,32,65,17,35
tog,7,6,42,21,16,25,18,36
apt,3,23,69,31,125,232,19,33
tog,15,6,90,40,57,101,16,37
apt,17,8,136,76,72,141,13,33
apt,4,8,32,11,12,24,16,35
tog,5,1,5,3,4,6,15,35
tog,20,8,160,83,96,192,0,0
tog,16,12,192,88,76,160,0,0
tog,17,9,153,77,79,148,26,38
tog,2,26,52,25,157,300,0,0
apt,12,11,132,51,48,100,18,33
apt,21,1,21,11,97,190,19,34
tog,3,25,75,40,156,277,0,0
apt,6,20,120,62,96,181,18,35
tog,22,6,132,70,103,220,0,0
tog,5,19,95,47,91,159,17,36
tog,8,20,160,77,103,192,0,0
tog,25,3,75,42,137,277,0,0
apt,18,5,90,47,61,142,19,36
apt,3,15,45,26,53,92,17,36
apt,13,6,78,41,38,76,18,38
apt,3,15,45,21,48,92,18,35
tog,5,20,100,47,76,177,16,37
tog,11,8,88,38,36,66,21,36
tog,10,8,80,35,29,57,15,37
apt,23,3,69,30,115,232,22,38
tog,8,10,80,36,33,57,12,34
apt,16,3,48,16,52,106,18,33
tog,6,22,132,67,110,220,0,0
tog,18,2,36,22,64,136,22,38
apt,3,1,3,2,0,1,19,38
tog,6,13,78,41,36,76,25,39
tog,11,5,55,28,22,51,22,39
apt,9,5,45,20,13,34,16,37
tog,14,12,168,87,71,133,18,36
apt,3,22,66,33,108,211,20,38
tog,1,17,17,11,75,120,18,33
apt,19,6,114,59,84,163,25,38
tog,12,16,192,99,82,160,0,0
tog,1,17,17,10,47,120,14,37
tog,9,4,36,10,14,31,16,38
apt,2,26,52,19,153,300,0,0
apt,4,4,16,7,5,6,17,36
tog,19,9,171,77,91,181,0,0
tog,5,11,55,27,26,51,15,39
tog,15,2,30,15,50,91,21,36
apt,11,14,154,88,68,123,21,38
tog,7,15,105,57,61,106,16,38
tog,23,1,23,13,114,231,18,36
apt,11,7,77,42,31,60,16,37
tog,13,15,195,95,78,157,0,0
apt,27,1,27,15,163,325,0,0
apt,13,15,195,102,83,157,0,0
apt,13,10,130,69,51,102,17,34
apt,1,12,12,8,28,55,8,31
apt,2,19,38,19,85,153,21,35
apt,15,3,45,16,51,92,19,37
tog,1,27,27,10,159,325,0,0
apt,6,10,60,29,28,46,14,37
tog,21,2,42,15,86,190,21,39
apt,7,2,14,8,6,15,11,38
apt,17,11,187,95,84,165,0,0
apt,10,1,10,9,23,36,14,35
apt,1,20,20,13,92,171,17,35
apt,1,3,3,1,1,1,23,31
apt,9,19,171,87,95,181,0,0
apt,2,20,40,19,99,171,20,35
tog,8,12,96,50,38,76,15,39
tog,12,7,84,40,35,70,21,39
apt,9,7,63,31,22,43,12,34
tog,16,12,192,86,78,160,0,0
tog,10,18,180,81,75,172,0,0
tog,5,18,90,40,68,142,17,37
apt,14,12,168,85,65,133,19,35
apt,6,20,120,65,93,181,27,36
apt,7,6,42,23,13,25,18,37
tog,13,1,13,8,30,66,19,35
apt,23,3,69,32,112,232,11,38
apt,22,1,22,11,110,210,18,36
tog,14,11,154,86,56,123,20,35
apt,4,22,88,42,112,213,15,33
apt,4,24,96,45,123,256,0,0
tog,7,21,147,70,104,205,0,0
tog,6,3,18,10,6,11,21,36
apt,3,19,57,27,84,154,14,36
tog,16,2,32,13,48,105,19,39
apt,5,21,105,55,102,196,24,35
tog,5,8,40,19,15,27,22,39
tog,10,3,30,15,17,37,25,38
tog,11,14,154,74,67,123,22,36
apt,2,8,16,9,13,21,20,39
tog,3,17,51,23,65,121,19,38
apt,15,9,135,67,58,119,18,38
apt,3,2,6,4,1,1,18,34
apt,17,9,153,63,77,148,16,39
tog,20,1,20,14,82,171,20,37
apt,16,5,80,36,55,111,16,34
tog,13,8,104,40,40,87,17,36
apt,16,9,144,64,62,133,18,37
apt,13,7,91,44,47,81,13,37
tog,12,14,168,89,63,133,17,38
apt,17,8,136,69,59,141,16,35
tog,8,18,144,78,86,157,21,36
tog,5,4,20,16,4,9,18,37
apt,18,8,144,79,89,157,16,39
tog,20,6,120,67,93,181,10,36
tog,3,8,24,9,12,22,17,37
apt,11,6,66,26,29,55,20,36
apt,6,18,108,57,82,146,17,35
apt,11,17,187,96,87,165,0,0
tog,4,17,68,32,61,123,23,37
tog,16,6,96,46,53,115,13,34
tog,2,17,34,15,65,120,15,35
apt,15,8,120,52,53,112,14,33
tog,6,20,120,56,92,181,23,35
apt,14,12,168,73,71,133,18,35
apt,1,9,9,5,14,28,19,36
apt,12,10,120,62,51,91,19,39
apt,7,6,42,20,13,25,21,39
apt,12,6,72,32,35,65,19,37
tog,4,24,96,42,134,256,0,0
apt,7,19,133,64,91,168,21,39
apt,9,1,9,5,14,28,16,34
apt,1,24,24,11,135,253,23,34
apt,6,9,54,24,12,38,17,34
apt,4,2,8,5,0,3,15,33
tog,6,1,6,4,4,10,20,36
apt,11,17,187,92,87,165,0,0
tog,8,9,72,33,25,49,15,38
tog,7,11,77,43,27,60,14,36
apt,2,5,10,7,2,6,13,30
tog,9,4,36,18,14,31,17,39
apt,3,1,3,1,0,1,21,38
tog,17,4,68,35,65,123,16,34
apt,20,4,80,38,101,174,14,35
apt,25,3,75,29,130,277,0,0
tog,1,8,8,3,12,21,17,37
tog,21,5,105,42,107,196,17,36
tog,8,20,160,77,101,192,0,0
tog,1,23,23,16,114,231,19,38
tog,1,16,16,10,51,105,14,37
apt,21,7,147,68,97,205,0,0
tog,6,22,132,56,103,220,0,0
apt,6,16,96,53,46,115,20,37
apt,10,2,20,10,20,36,15,37
apt,19,2,38,16,82,153,17,34
apt,14,8,112,56,44,99,22,35
apt,11,14,154,77,60,123,13,31
tog,6,9,54,24,18,38,16,34
apt,8,15,120,59,57,112,16,34
apt,9,5,45,25,24,34,16,39
apt,3,14,42,27,36,79,19,37
tog,17,3,51,26,64,121,17,36
tog,4,14,56,33,35,81,9,38
tog,12,10,120,59,41,91,20,36
apt,16,12,192,96,78,160,0,0
tog,12,4,48,20,29,58,19,37
apt,5,16,80,40,58,111,15,35
apt,10,10,100,60,42,72,14,35
apt,6,2,12,6,5,10,22,34
tog,14,6,84,42,44,88,14,34
tog,13,4,52,27,33,69,10,36
tog,20,8,160,79,99,192,0,0
apt,15,9,135,61,58,119,12,36
tog,15,8,120,56,55,112,19,37
tog,6,9,54,26,16,38,22,36
apt,2,15,30,12,47,91,17,33
tog,8,7,56,24,17,36,24,37
tog,9,13,117,52,55,94,17,36
tog,1,2,2,1,0,0,23,38
tog,11,6,66,30,23,55,19,36
apt,5,16,80,41,67,111,17,38
tog,5,8,40,22,12,27,17,36
tog,11,10,110,52,44,81,17,37
tog,2,26,52,27,145,300,0,0
apt,2,26,52,27,159,300,0,0
tog,9,19,171,80,86,181,0,0
apt,17,11,187,88,79,165,0,0
apt,18,1,18,7,69,136,22,35
tog,20,8,160,83,100,192,0,0
apt,17,2,34,15,67,120,19,35
apt,14,9,126,60,51,106,20,39
tog,3,15,45,19,46,92,10,35
tog,16,6,96,43,59,115,18,34
apt,11,5,55,32,29,51,15,34
apt,14,14,196,97,86,156,0,0
apt,13,15,195,105,82,157,0,0
tog,18,4,72,38,66,139,23,34
apt,3,18,54,23,70,137,19,37
apt,21,4,84,37,89,193,18,36
apt,12,9,108,47,47,83,18,36
tog,1,8,8,5,10,21,21,36
tog,6,13,78,39,37,76,17,36
tog,11,9,99,47,43,73,19,35
apt,18,8,144,83,76,157,21,39
apt,3,19,57,29,91,154,13,37
tog,6,22,132,68,113,220,0,0
apt,14,4,56,29,36,81,15,34
tog,15,4,60,34,52,94,22,39
apt,1,3,3,1,0,1,17,35
tog,1,18,18,9,61,136,14,34
tog,19,7,133,59,90,168,20,33
apt,2,8,16,12,8,21,14,34
apt,15,6,90,42,53,101,17,35
apt,18,7,126,69,74,151,10,32
tog,8,7,56,29,23,36,18,37
tog,13,3,39,22,32,67,17,37
apt,18,3,54,26,68,137,18,34
tog,24,4,96,40,130,256,0,0
apt,10,3,30,9,19,37,15,33
tog,11,12,132,64,52,100,18,39
apt,9,11,99,48,32,73,11,33
apt,10,7,70,38,27,51,18,33
tog,3,9,27,11,17,29,20,37
tog,12,12,144,61,60,110,17,35
apt,14,5,70,31,41,84,19,37
tog,14,7,98,52,37,93,10,34
tog,6,20,120,53,98,181,11,38
apt,19,2,38,17,81,153,11,37
apt,1,15,15,7,45,91,17,37
tog,5,4,20,10,4,9,18,37
tog,13,10,130,63,61,102,11,33
apt,16,8,128,58,65,126,19,31
tog,18,1,18,8,66,136,18,36
tog,9,13,117,61,48,94,20,39
tog,2,20,40,20,82,171,13,34
tog,21,7,147,73,88,205,0,0
apt,6,11,66,34,33,55,16,35
apt,15,13,195,84,82,157,0,0
tog,27,1,27,16,160,325,0,0
tog,8,12,96,48,43,76,21,38
apt,18,8,144,76,76,157,17,38
tog,3,20,60,28,94,172,18,36
tog,7,3,21,11,8,16,12,36
tog,3,15,45,19,50,92,15,36
tog,13,12,156,79,63,121,23,36
apt,8,3,24,13,7,22,24,39
apt,3,17,51,23,61,121,26,38
apt,4,11,44,16,18,48,26,35
apt,23,2,46,22,109,231,14,34
tog,17,2,34,18,55,120,25,35
apt,2,18,36,15,74,136,14,34
apt,3,11,33,18,25,46,18,38
tog,10,15,150,73,67,127,24,37
tog,1,21,21,16,100,190,13,34
tog,21,1,21,8,106,190,13,33
tog,11,9,99,56,37,73,17,37
apt,4,17,68,34,58,123,18,34
tog,2,18,36,16,77,136,24,38
apt,8,3,24,11,13,22,18,33
apt,4,12,48,19,28,58,16,37
tog,23,1,23,13,110,231,20,37
tog,8,3,24,12,12,22,18,36
apt,10,18,180,88,89,172,0,0
tog,2,4,8,4,2,3,11,37
tog,7,21,147,68,101,205,0,0
tog,13,11,143,55,52,111,16,37
tog,22,4,88,44,96,213,23,37
apt,10,14,140,58,64,114,14,34
tog,6,11,66,32,29,55,15,35
tog,5,15,75,40,49,97,21,34
apt,6,7,42,15,17,25,19,39
apt,4,10,40,26,23,39,13,35
tog,9,1,9,4,10,28,13,37
tog,1,19,19,10,76,153,13,35
tog,16,2,32,18,50,105,17,35
apt,12,16,192,91,87,160,0,0
tog,11,17,187,91,80,165,0,0
apt,11,8,88,44,30,66,13,36
tog,9,13,117,58,53,94,15,36
tog,17,7,119,67,67,135,24,38
apt,7,2,14,4,7,15,16,35
apt,27,1,27,10,158,325,0,0
apt,10,7,70,38,19,51,20,40
tog,9,2,18,4,21,28,13,38
tog,22,1,22,9,101,210,17,34
apt,12,1,12,2,25,55,19,35
apt,9,16,144,71,72,133,16,36
tog,2,24,48,20,132,253,21,39
tog,13,4,52,32,34,69,16,36
tog,5,7,35,27,14,21,13,35
apt,4,12,48,20,30,58,24,36
apt,3,4,12,6,3,4,19,37
apt,8,17,136,68,72,141,19,38
apt,7,21,147,80,99,205,0,0
tog,18,10,180,84,87,172,0,0
tog,11,6,66,34,27,55,18,36
apt,2,9,18,7,14,28,17,36
apt,9,12,108,51,49,83,14,35
apt,7,16,112,52,60,120,11,35
tog,15,9,135,63,56,119,17,31
apt,9,3,27,10,15,29,24,36
tog,14,2,28,16,36,78,19,36
apt,1,11,11,7,28,45,17,38
tog,2,11,22,5,23,45,11,35
apt,11,13,143,74,53,111,24,39
tog,6,9,54,27,14,38,21,37
tog,15,9,135,66,64,119,17,39
tog,8,8,64,28,21,42,21,34
tog,9,12,108,58,43,83,14,39
apt,6,9,54,26,20,38,14,33
apt,2,2,4,2,0,0,14,30
tog,15,5,75,33,49,97,10,37
apt,4,9,36,17,14,31,14,35
tog,10,18,180,86,97,172,0,0
apt,11,10,110,63,35,81,20,37
tog,9,14,126,60,57,106,17,35
tog,18,10,180,91,78,172,0,0
apt,4,4,16,6,5,6,16,34
apt,12,16,192,93,80,160,0,0
apt,8,20,160,77,82,192,0,0
apt,12,5,60,27,34,61,13,34
tog,1,18,18,10,69,136,16,32
apt,8,20,160,77,104,192,0,0
tog,11,14,154,83,58,123,18,33
tog,8,14,112,56,53,99,13,36
apt,13,4,52,25,29,69,20,33
apt,17,3,51,23,60,121,11,36
tog,8,20,160,80,95,192,0,0
apt,12,5,60,35,36,61,20,37
apt,18,8,144,73,67,157,19,37
tog,14,9,126,59,52,106,17,36
tog,11,4,44,27,20,48,17,33
tog,1,15,15,7,41,91,21,35
tog,3,1,3,3,1,1,24,36
tog,16,8,128,66,67,126,24,40
apt,15,1,15,10,50,91,16,35
tog,10,11,110,54,34,81,22,34
apt,6,14,84,47,44,88,11,27
tog,3,2,6,4,0,1,21,39
tog,2,3,6,4,0,1,18,39
tog,16,8,128,59,73,126,23,30
tog,19,3,57,32,72,154,19,37
apt,9,1,9,2,15,28,16,34
apt,7,19,133,66,84,168,22,38
apt,6,22,132,60,108,220,0,0
tog,19,3,57,28,84,154,22,36
apt,2,15,30,15,39,91,17,36
apt,15,13,195,96,76,157,0,0
tog,6,13,78,34,36,76,15,35
tog,24,4,96,52,130,256,0,0
tog,4,24,96,52,116,256,0,0
tog,13,13,169,85,60,132,16,39
tog,25,3,75,36,139,277,0,0
tog,15,3,45,25,43,92,24,37
apt,7,2,14,8,7,15,16,37
tog,12,1,12,6,28,55,18,38
apt,3,13,39,17,34,67,18,37
apt,3,14,42,18,44,79,15,35
tog,16,1,16,8,62,105,22,38
tog,6,19,114,59,84,163,21,32
tog,1,12,12,4,28,55,17,37
tog,17,4,68,31,67,123,14,36
apt,10,10,100,47,35,72,22,39
tog,18,10,180,93,75,172,0,0
tog,10,13,130,56,54,102,25,36
apt,9,19,171,96,90,181,0,0
apt,10,8,80,39,30,57,16,35
tog,23,5,115,59,131,237,0,0
tog,14,2,28,11,39,78,17,35
tog,19,5,95,48,82,159,18,36
apt,10,18,180,82,88,172,0,0
apt,8,4,32,10,12,24,18,35
tog,24,4,96,50,126,256,0,0
apt,6,8,48,25,20,31,18,35
apt,11,2,22,6,22,45,17,37
apt,19,5,95,48,87,159,19,36
apt,12,8,96,48,33,76,19,37
tog,7,16,112,58,62,120,24,38
apt,6,15,90,49,59,101,11,33
tog,14,14,196,98,71,156,0,0
tog,2,12,24,14,25,55,21,37
apt,18,6,108,50,81,146,18,35
apt,12,13,156,80,61,121,18,38
apt,12,12,144,77,52,110,9,33
tog,8,1,8,6,13,21,17,34
tog,11,13,143,63,46,111,17,34
tog,6,9,54,24,17,38,26,36
apt,5,15,75,40,44,97,18,33
tog,3,7,21,7,7,16,19,37
apt,8,14,112,58,55,99,19,40
apt,4,7,28,12,10,18,15,37
apt,4,3,12,2,4,4,15,35
apt,1,21,21,11,88,190,20,36
apt,20,2,40,25,80,171,17,35
apt,1,7,7,4,6,15,19,37
tog,17,6,102,38,53,130,20,39
tog,6,10,60,34,21,46,23,37
tog,9,19,171,77,87,181,0,0
apt,9,7,63,38,24,43,17,36
apt,9,4,36,23,15,31,20,37
apt,17,4,68,38,68,123,17,38
apt,1,8,8,4,14,21,20,38
tog,12,3,36,14,24,56,16,37
tog,1,17,17,10,56,120,13,36
apt,5,13,65,31,44,72,14,38
tog,1,27,27,14,171,325,0,0
apt,1,6,6,5,3,10,18,38
tog,4,22,88,40,109,213,14,36
tog,8,15,120,63,53,112,19,35
tog,4,24,96,45,122,256,0,0
apt,9,1,9,4,18,28,16,38
tog,3,21,63,33,109,191,25,40
tog,2,1,2,1,0,0,21,34
tog,6,17,102,50,76,130,14,38
tog,1,8,8,2,12,21,17,36
tog,18,1,18,9,73,136,17,38
tog,19,1,19,11,79,153,16,31
tog,13,2,26,12,31,66,15,37
apt,3,8,24,13,14,22,17,38
apt,27,1,27,14,168,325,0,0
tog,7,1,7,5,7,15,13,36
tog,9,19,171,81,87,181,0,0
tog,7,13,91,46,43,81,23,34
tog,26,2,52,28,147,300,0,0
tog,2,9,18,8,13,28,16,39
tog,13,7,91,46,43,81,19,36
tog,7,3,21,5,12,16,15,36
apt,8,1,8,4,8,21,17,31
tog,12,3,36,21,24,56,21,34
tog,4,14,56,28,43,81,21,37
apt,24,4,96,53,126,256,0,0
apt,25,1,25,10,145,276,14,40
tog,15,3,45,27,55,92,16,39
tog,6,2,12,5,4,10,17,38
tog,3,8,24,15,10,22,17,35
tog,23,1,23,9,110,231,15,35
apt,2,18,36,18,59,136,17,39
apt,5,23,115,57,113,237,0,0
tog,8,5,40,15,16,27,18,39
apt,6,18,108,47,68,146,18,33
apt,21,4,84,35,102,193,14,38
tog,12,14,168,79,58,133,25,39
tog,18,7,126,62,68,151,14,36
tog,4,7,28,8,7,18,14,35
apt,10,1,10,3,22,36,15,35
apt,10,1,10,3,22,36,17,33
apt,20,8,160,72,100,192,0,0
apt,14,5,70,33,34,84,15,33
tog,4,24,96,47,126,256,0,0
tog,5,2,10,5,3,6,14,36
tog,2,24,48,20,140,253,11,37
tog,9,1,9,4,17,28,22,37
tog,9,19,171,90,88,181,0,0
apt,16,4,64,34,60,108,16,37
apt,8,15,120,49,52,112,17,38
tog,9,3,27,14,12,29,14,34
tog,18,2,36,18,67,136,17,40
apt,10,7,70,36,21,51,8,33
tog,27,1,27,20,164,325,0,0
apt,11,2,22,13,24,45,24,39
tog,7,13,91,45,40,81,23,38
apt,8,1,8,5,14,21,23,35
apt,7,5,35,19,9,21,15,35
apt,5,18,90,42,80,142,21,37
apt,8,7,56,27,19,36,18,38
apt,2,6,12,7,6,10,13,31
apt,15,7,105,58,52,106,23,37
apt,5,16,80,39,59,111,19,35
apt,21,2,42,24,92,190,16,35
tog,1,20,20,6,86,171,20,35
tog,2,16,32,16,51,105,17,34
apt,9,10,90,49,27,64,14,35
apt,22,1,22,9,103,210,20,36
tog,3,9,27,18,17,29,9,31
tog,16,12,192,84,93,160,0,0
apt,22,6,132,72,114,220,0,0
tog,12,14,168,91,61,133,20,36
apt,18,8,144,66,82,157,22,36
tog,2,6,12,8,5,10,25,36
tog,9,15,135,66,60,119,17,35
apt,9,1,9,5,14,28,19,33
apt,25,3,75,29,156,277,0,0
apt,12,16,192,96,86,160,0,0
apt,2,17,34,12,62,120,20,36
tog,12,10,120,64,43,91,15,33
tog,12,7,84,43,34,70,22,38
apt,19,6,114,62,80,163,18,35
apt,3,14,42,23,52,79,16,36
apt,20,6,120,64,95,181,20,38
apt,6,18,108,56,80,146,22,39
tog,14,12,168,87,60,133,25,38
apt,15,7,105,52,46,106,23,36
apt,2,8,16,5,11,21,16,37
tog,18,4,72,31,68,139,23,36
tog,6,1,6,4,7,10,18,38
apt,7,15,105,57,46,106,18,36
apt,2,14,28,12,29,78,19,38
apt,6,22,132,66,118,220,0,0
apt,16,3,48,24,57,106,16,35
apt,9,11,99,59,39,73,16,37
tog,5,9,45,19,14,34,20,36
tog,7,7,49,25,14,30,18,35
apt,8,1,8,4,11,21,16,36
tog,1,27,27,19,172,325,0,0
tog,13,4,52,24,34,69,19,36
apt,17,11,187,85,89,165,0,0
apt,14,12,168,86,64,133,18,38
apt,9,1,9,5,14,28,17,33
tog,4,12,48,26,28,58,16,36
tog,5,1,5,3,2,6,15,36
apt,15,10,150,69,65,127,19,35
apt,4,7,28,18,9,18,19,37
apt,11,15,165,83,65,136,25,38
apt,14,14,196,97,61,156,0,0
apt,8,10,80,49,34,57,13,33
tog,3,7,21,8,5,16,19,35
tog,2,26,52,22,147,300,0,0
tog,2,9,18,8,14,28,13,36
tog,3,19,57,33,74,154,18,37
apt,15,13,195,99,79,157,0,0
tog,18,10,180,90,85,172,0,0
tog,5,23,115,60,118,237,0,0
apt,1,23,23,13,108,231,21,35
tog,7,19,133,60,73,168,20,39
tog,15,7,105,51,57,106,16,36
apt,5,8,40,27,11,27,15,35
apt,9,15,135,80,70,119,14,36
apt,22,4,88,44,111,213,21,36
tog,10,5,50,28,28,42,13,35
tog,19,3,57,30,81,154,22,36
tog,5,4,20,9,3,9,15,32
tog,1,18,18,11,77,136,16,34
tog,9,12,108,58,32,83,24,35
apt,12,7,84,37,35,70,21,35
tog,1,16,16,7,51,105,19,35
tog,20,2,40,21,82,171,18,37
tog,2,11,22,8,23,45,24,37
tog,20,3,60,31,82,172,16,38
tog,6,8,48,20,19,31,24,38
tog,3,23,69,29,115,232,19,36
apt,7,1,7,5,7,15,21,39
tog,17,2,34,15,61,120,16,38
tog,6,22,132,65,116,220,0,0
tog,12,12,144,71,50,110,17,34
tog,2,20,40,23,85,171,18,39
tog,12,9,108,46,44,83,17,33
apt,1,25,25,13,133,276,15,39
apt,2,16,32,13,49,105,17,36
apt,12,16,192,90,84,160,0,0
apt,5,19,95,51,90,159,17,39
apt,8,18,144,80,73,157,12,36
tog,20,5,100,45,97,177,21,37
tog,5,21,105,62,100,196,15,37
apt,17,3,51,31,66,121,18,36
apt,6,3,18,12,5,11,20,37
tog,3,13,39,22,42,67,21,38
apt,9,7,63,32,19,43,21,36
apt,12,14,168,95,73,133,21,37
apt,1,21,21,13,66,190,23,37
apt,7,11,77,36,26,60,17,36
apt,9,19,171,84,81,181,0,0
apt,13,8,104,51,36,87,17,36
apt,3,7,21,8,10,16,19,37
tog,16,12,192,103,88,160,0,0
tog,25,1,25,10,146,276,25,38
tog,11,3,33,15,24,46,22,37
tog,18,7,126,67,75,151,13,31
tog,9,11,99,48,28,73,18,37
apt,5,19,95,46,82,159,19,35
tog,11,2,22,10,28,45,20,36
tog,15,9,135,64,62,119,17,37
tog,6,19,114,59,85,163,15,30
apt,10,5,50,24,20,42,19,37
apt,14,7,98,41,46,93,15,32
tog,15,7,105,49,57,106,23,38
tog,7,14,98,53,49,93,26,36
tog,3,25,75,39,135,277,0,0
tog,3,18,54,30,77,137,21,39
apt,21,7,147,66,109,205,0,0
tog,21,7,147,74,101,205,0,0
tog,8,20,160,90,85,192,0,0
apt,27,1,27,12,151,325,0,0
apt,6,22,132,66,106,220,0,0
apt,1,18,18,11,66,136,22,37
tog,8,2,16,6,9,21,12,37
tog,6,5,30,15,11,16,21,35
apt,13,6,78,45,41,76,13,33
tog,10,7,70,43,25,51,21,37
tog,2,23,46,25,117,231,18,36
apt,15,2,30,12,50,91,18,38
tog,13,6,78,39,33,76,20,37
apt,21,7,147,73,109,205,0,0
apt,11,1,11,4,30,45,18,36
tog,8,3,24,11,12,22,18,33
apt,2,22,44,22,105,210,16,34
tog,16,12,192,94,72,160,0,0
tog,1,7,7,6,9,15,17,35
apt,13,12,156,79,60,121,19,38
tog,18,6,108,66,80,146,17,35
apt,1,3,3,1,0,1,17,38
tog,1,27,27,13,178,325,0,0
tog,21,7,147,75,110,205,0,0
tog,10,7,70,41,22,51,15,32
apt,13,15,195,91,81,157,0,0
tog,1,11,11,5,21,45,14,35
apt,10,8,80,46,31,57,16,35
tog,4,24,96,46,127,256,0,0
tog,3,18,54,29,64,137,12,34
tog,3,6,18,8,7,11,17,37
tog,2,22,44,26,114,210,22,36
apt,8,17,136,75,75,141,18,37
apt,2,8,16,8,9,21,25,36
apt,11,17,187,98,80,165,0,0
apt,4,6,24,11,5,13,20,38
apt,19,9,171,90,94,181,0,0
apt,2,19,38,14,87,153,27,36
tog,7,17,119,64,67,135,20,35
apt,4,2,8,3,3,3,18,35
apt,22,2,44,23,109,210,21,40
apt,22,2,44,23,109,210,15,34
tog,24,4,96,45,142,256,0,0
tog,12,11,132,66,43,100,19,36
apt,7,16,112,54,56,120,20,39
apt,1,5,5,2,4,6,16,34
apt,8,14,112,49,47,99,23,37
apt,15,10,150,67,60,127,21,37
tog,11,6,66,34,33,55,17,35
tog,1,11,11,8,22,45,17,35
apt,6,22,132,73,123,220,0,0
tog,21,2,42,22,83,190,19,38
apt,1,4,4,2,1,3,16,34
apt,22,1,22,12,98,210,16,36
tog,15,8,120,56,51,112,19,35
apt,20,8,160,81,99,192,0,0
tog,16,1,16,8,51,105,19,37
apt,13,8,104,55,39,87,21,37
apt,10,18,180,84,93,172,0,0
apt,13,8,104,55,39,87,17,35
tog,18,10,180,84,87,172,0,0
tog,8,1,8,6,11,21,18,37
tog,10,11,110,56,43,81,21,37
tog,9,6,54,27,22,38,23,39
tog,16,7,112,59,59,120,19,40
tog,18,2,36,16,72,136,22,36
tog,8,11,88,35,32,66,21,35
tog,6,11,66,32,22,55,18,37
tog,6,22,132,62,109,220,0,0
tog,14,8,112,67,45,99,19,38
apt,16,4,64,28,60,108,19,38
apt,9,15,135,57,70,119,23,37
apt,4,17,68,38,55,123,16,35
apt,16,1,16,4,48,105,19,36
apt,16,12,192,100,101,160,0,0
apt,4,2,8,3,3,3,21,37
tog,11,3,33,15,30,46,19,37
apt,7,21,147,77,107,205,0,0
tog,4,11,44,25,23,48,22,38
tog,5,13,65,35,38,72,17,36
tog,1,20,20,11,77,171,15,36
tog,21,3,63,28,113,191,15,34
apt,7,21,147,72,101,205,0,0
tog,3,7,21,9,12,16,12,35
apt,2,24,48,25,122,253,8,33
tog,7,15,105,62,58,106,29,37
apt,7,7,49,24,12,30,17,38
apt,20,3,60,32,72,172,17,33
tog,5,1,5,5,1,6,19,35
tog,9,3,27,13,18,29,19,37
apt,13,15,195,98,84,157,0,0
apt,23,2,46,25,110,231,18,37
tog,17,5,85,44,62,126,13,37
apt,9,17,153,81,71,148,14,38
tog,9,19,171,79,88,181,0,0
apt,8,1,8,2,9,21,22,36
tog,1,21,21,12,85,190,21,35
apt,5,18,90,62,73,142,16,35
apt,15,6,90,37,45,101,18,35
apt,19,9,171,88,91,181,0,0
apt,24,4,96,48,124,256,0,0
apt,19,9,171,83,95,181,0,0
apt,14,14,196,90,71,156,0,0
apt,8,14,112,52,47,99,15,37
tog,15,6,90,45,57,101,19,37
tog,11,14,154,84,63,123,18,32
tog,7,18,126,58,80,151,15,33
tog,12,14,168,69,76,133,14,39
apt,9,8,72,40,25,49,11,34
tog,18,10,180,87,93,172,0,0
apt,3,1,3,1,1,1,20,38
tog,3,4,12,5,1,4,13,35
apt,3,4,12,6,3,4,14,35
tog,25,3,75,44,140,277,0,0
tog,20,3,60,28,80,172,16,34
apt,19,7,133,62,81,168,18,36
tog,5,7,35,15,9,21,15,32
apt,1,1,1,0,0,0,15,35
tog,9,15,135,64,64,119,21,36
tog,19,6,114,47,79,163,17,36
tog,5,8,40,20,14,27,21,36
apt,4,13,52,24,36,69,17,36
tog,13,10,130,67,58,102,22,35
tog,14,4,56,32,42,81,17,34
tog,5,16,80,44,60,111,18,35
apt,12,16,192,99,89,160,0,0
tog,5,18,90,45,74,142,23,37
apt,7,17,119,55,59,135,18,39
apt,25,3,75,37,146,277,0,0
tog,1,11,11,2,19,45,21,37
tog,7,15,105,56,66,106,22,39
apt,2,23,46,27,120,231,19,38
tog,13,4,52,28,31,69,23,38
tog,16,10,160,77,74,141,23,37
apt,3,8,24,11,12,22,23,37
apt,4,9,36,21,14,31,20,35
tog,10,7,70,40,24,51,17,35
tog,4,9,36,19,21,31,15,36
apt,2,4,8,1,3,3,21,38
apt,8,20,160,80,95,192,0,0
tog,4,12,48,24,23,58,18,35
tog,10,14,140,72,46,114,16,34
apt,5,13,65,36,36,72,21,34
apt,1,2,2,0,0,0,14,34
tog,6,10,60,32,25,46,20,35
apt,3,4,12,5,1,4,18,36
apt,1,1,1,1,0,0,14,36
tog,9,5,45,23,11,34,15,35
tog,17,11,187,88,82,165,0,0
apt,9,11,99,53,38,73,21,36
tog,4,3,12,9,1,4,17,37
apt,6,1,6,1,9,10,18,35
apt,4,24,96,43,123,256,0,0
tog,13,5,65,36,36,72,13,36
tog,3,6,18,8,3,11,18,36
tog,2,21,42,24,102,190,21,34
apt,2,17,34,14,61,120,19,32
tog,5,4,20,11,6,9,25,39
apt,8,14,112,51,52,99,18,34
apt,2,14,28,11,44,78,10,35
apt,6,11,66,25,32,55,17,34
apt,1,27,27,14,162,325,0,0
tog,8,17,136,72,75,141,19,36
tog,12,7,84,46,33,70,23,36
tog,17,9,153,71,84,148,18,36
apt,6,18,108,57,71,146,16,30
tog,5,23,115,56,122,237,0,0
apt,1,21,21,9,88,190,21,36
tog,16,12,192,104,62,160,0,0
apt,3,20,60,31,87,172,19,37
apt,8,2,16,5,12,21,14,40
apt,11,10,110,55,33,81,18,38
apt,3,14,42,24,36,79,16,37
apt,23,2,46,27,111,231,16,37
tog,7,19,133,63,72,168,21,39
tog,5,7,35,17,13,21,27,36
apt,8,17,136,73,75,141,20,37
tog,18,8,144,62,86,157,23,39
tog,1,8,8,4,12,21,21,34
apt,3,4,12,6,1,4,15,34
tog,11,5,55,26,26,51,17,37
tog,20,6,120,65,86,181,21,34
tog,8,5,40,12,17,27,15,39
tog,7,21,147,85,115,205,0,0
apt,5,7,35,15,12,21,20,36
tog,11,11,121,60,44,90,13,38
apt,9,19,171,75,88,181,0,0
apt,1,20,20,10,89,171,15,39
apt,23,1,23,13,109,231,13,36
tog,2,1,2,2,0,0,22,38
apt,2,17,34,19,66,120,16,36
tog,1,2,2,2,0,0,15,39
apt,2,23,46,27,115,231,20,38
apt,20,8,160,86,87,192,0,0
apt,25,1,25,16,135,276,17,37
tog,8,2,16,9,12,21,19,35
tog,2,17,34,21,63,120,17,37
tog,14,6,84,48,48,88,16,33
tog,2,9,18,8,14,28,21,36
apt,10,6,60,32,20,46,15,37
apt,4,21,84,47,98,193,18,37
tog,6,22,132,68,105,220,0,0
apt,15,2,30,12,51,91,14,33
tog,10,14,140,68,53,114,22,39
tog,21,2,42,17,94,190,25,34
tog,6,4,24,11,8,13,19,36
tog,6,20,120,68,89,181,27,39
tog,11,11,121,67,34,90,19,36
apt,5,1,5,2,5,6,21,34
apt,15,8,120,66,62,112,18,33
apt,15,13,195,93,77,157,0,0
apt,18,5,90,48,71,142,11,36
tog,7,6,42,25,13,25,20,38
tog,10,16,160,77,74,141,22,37
tog,25,3,75,38,145,277,0,0
tog,15,1,15,10,40,91,25,38
tog,5,7,35,20,11,21,10,34
tog,6,8,48,22,18,31,12,35
apt,19,9,171,85,91,181,0,0
tog,12,5,60,24,36,61,20,40
apt,8,13,104,49,46,87,17,35
tog,27,1,27,10,143,325,0,0
tog,17,4,68,37,49,123,20,36
tog,22,6,132,57,102,220,0,0
apt,5,23,115,51,120,237,0,0
tog,2,22,44,19,95,210,21,35
apt,4,12,48,27,29,58,14,32
apt,21,4,84,41,103,193,18,32
apt,5,6,30,15,9,16,18,37
apt,8,5,40,19,15,27,21,37
tog,2,5,10,4,2,6,19,35
apt,20,3,60,32,83,172,21,35
tog,18,2,36,22,62,136,20,38
tog,23,5,115,48,122,237,0,0
tog,7,10,70,34,27,51,15,36
tog,3,1,3,1,1,1,16,38
tog,3,22,66,34,88,211,18,36
apt,4,21,84,39,99,193,14,38
apt,2,15,30,16,46,91,19,37
tog,4,1,4,3,2,3,23,33
tog,7,16,112,47,51,120,21,36
apt,1,7,7,2,6,15,14,34
apt,20,6,120,64,90,181,21,39
tog,5,12,60,30,29,61,17,37
apt,25,3,75,34,139,277,0,0
tog,13,12,156,73,51,121,17,35
tog,16,2,32,14,61,105,23,37
tog,16,1,16,8,50,105,21,39
tog,5,23,115,61,114,237,0,0
tog,5,18,90,46,79,142,14,35
apt,10,6,60,34,19,46,14,35
apt,8,1,8,7,13,21,13,36
apt,9,3,27,14,13,29,17,36
apt,26,2,52,34,148,300,0,0
tog,17,7,119,63,69,135,10,36
tog,23,3,69,39,134,232,22,40
tog,18,1,18,10,65,136,25,39
apt,3,15,45,24,50,92,16,38
tog,12,7,84,43,32,70,19,35
apt,15,2,30,18,49,91,20,36
tog,22,4,88,32,106,213,24,37
tog,9,9,81,41,26,56,20,35
tog,6,16,96,50,49,115,13,36
apt,13,8,104,57,47,87,22,34
tog,7,2,14,6,9,15,17,36
tog,11,5,55,24,24,51,21,38
tog,3,25,75,36,131,277,0,0
tog,9,16,144,75,62,133,18,37
tog,1,7,7,5,5,15,17,35
tog,15,11,165,89,59,136,19,38
apt,11,17,187,97,78,165,0,0
tog,13,7,91,38,37,81,17,37
tog,3,22,66,46,119,211,18,35
tog,4,18,72,44,66,139,23,34
apt,13,13,169,84,81,132,16,38
apt,1,19,19,11,73,153,19,38
apt,6,7,42,17,12,25,13,37
tog,1,10,10,3,16,36,21,37
tog,2,16,32,16,53,105,16,37
apt,25,3,75,36,150,277,0,0
apt,8,4,32,16,10,24,14,37
tog,8,14,112,60,55,99,19,36
apt,13,5,65,34,31,72,26,37
tog,4,13,52,28,32,69,15,36
apt,11,17,187,100,75,165,0,0
apt,8,14,112,49,50,99,18,36
apt,9,1,9,4,16,28,22,37
tog,16,1,16,10,54,105,21,36
apt,3,9,27,11,13,29,16,38
tog,10,15,150,75,66,127,19,37
apt,2,11,22,10,26,45,21,36
apt,3,20,60,32,82,172,20,37
tog,4,11,44,26,23,48,17,39
apt,12,11,132,69,55,100,21,35
tog,4,24,96,40,124,256,0,0
apt,13,8,104,46,51,87,15,33
apt,10,6,60,30,16,46,20,35
tog,16,12,192,99,78,160,0,0
tog,3,14,42,21,44,79,16,37
apt,5,23,115,56,105,237,0,0
apt,17,5,85,38,55,126,12,34
apt,1,10,10,1,21,36,20,37
apt,9,9,81,42,28,56,22,36
apt,2,15,30,19,35,91,19,36
tog,7,5,35,23,7,21,27,38
apt,9,6,54,31,18,38,23,40
tog,11,6,66,26,34,55,15,40
tog,8,8,64,35,23,42,16,36
apt,6,9,54,29,19,38,20,40
apt,8,14,112,56,50,99,16,33
apt,1,14,14,10,45,78,21,38
tog,4,9,36,24,19,31,17,35
apt,9,17,153,77,73,148,13,35
apt,1,27,27,10,179,325,0,0
tog,14,2,28,15,45,78,22,38
apt,9,1,9,3,16,28,20,36
apt,9,2,18,8,10,28,15,31
tog,9,10,90,46,28,64,21,38
tog,16,9,144,67,66,133,19,35
apt,2,21,42,23,110,190,23,34
apt,10,13,130,69,52,102,20,36
tog,5,15,75,35,46,97,13,37
apt,9,4,36,21,18,31,21,36
tog,2,16,32,13,53,105,11,35
tog,1,14,14,3,40,78,15,36
tog,24,4,96,49,129,256,0,0
apt,16,6,96,49,63,115,20,37
apt,5,17,85,49,60,126,19,33
tog,20,8,160,74,103,192,0,0
apt,24,4,96,45,129,256,0,0
apt,9,4,36,20,12,31,11,35
apt,9,2,18,7,13,28,14,35
tog,12,5,60,32,30,61,22,38
apt,6,14,84,49,38,88,15,36
apt,7,2,14,5,10,15,20,37
tog,9,16,144,65,63,133,24,36
apt,2,11,22,13,27,45,17,36
tog,1,9,9,4,16,28,17,30
apt,5,1,5,0,4,6,23,38
tog,6,22,132,64,124,220,0,0
tog,2,11,22,8,24,45,24,36
tog,6,14,84,39,41,88,20,36
tog,11,17,187,98,80,165,0,0
apt,4,4,16,7,4,6,23,37
apt,4,5,20,8,6,9,21,35
apt,1,21,21,8,91,190,15,36
tog,17,2,34,14,60,120,15,38
apt,13,13,169,82,66,132,18,36
apt,6,8,48,30,16,31,22,36
apt,6,4,24,13,6,13,19,37
tog,10,4,40,23,26,39,15,38
apt,19,1,19,7,79,153,17,36
tog,6,7,42,18,8,25,12,35
tog,15,1,15,7,38,91,24,37
tog,12,13,156,68,59,121,21,37
tog,15,8,120,73,57,112,21,36
tog,12,16,192,95,69,160,0,0
tog,9,15,135,73,65,119,30,40
apt,7,6,42,19,10,25,18,36
tog,11,15,165,80,74,136,21,40
tog,9,15,135,55,70,119,17,36
tog,18,7,126,61,87,151,20,37
apt,3,4,12,4,4,4,20,36
tog,9,10,90,46,35,64,17,39
tog,4,15,60,30,50,94,16,36
tog,1,9,9,3,12,28,18,34
tog,5,20,100,51,91,177,14,37
apt,11,3,33,15,18,46,23,36
apt,14,3,42,22,38,79,21,36
tog,5,4,20,11,2,9,19,34
apt,3,11,33,19,21,46,22,34
apt,12,14,168,83,66,133,22,39
apt,2,4,8,3,1,3,17,34
apt,2,19,38,18,71,153,14,37
apt,7,2,14,4,8,15,15,38
apt,12,16,192,99,75,160,0,0
tog,1,21,21,7,100,190,20,38
apt,24,4,96,46,131,256,0,0
apt,16,6,96,47,59,115,21,34
apt,17,9,153,78,70,148,22,36
tog,25,3,75,33,150,277,0,0
tog,3,6,18,6,4,11,9,31
tog,26,2,52,23,129,300,0,0
tog,15,10,150,67,57,127,18,37
apt,4,4,16,7,2,6,16,34
tog,9,13,117,59,45,94,13,35
tog,25,3,75,40,151,277,0,0
apt,26,2,52,24,142,300,0,0
tog,9,19,171,80,83,181,0,0
tog,14,1,14,9,39,78,20,36
apt,16,4,64,20,53,108,25,38
apt,9,9,81,32,37,56,11,34
apt,17,7,119,64,66,135,20,38
tog,2,15,30,16,42,91,17,35
apt,2,17,34,20,58,120,21,36
apt,12,10,120,59,49,91,16,35
tog,14,5,70,27,46,84,18,37
tog,10,1,10,6,18,36,16,37
tog,19,9,171,89,94,181,0,0
apt,19,3,57,23,67,154,14,36
apt,20,2,40,23,83,171,22,35
tog,3,1,3,3,0,1,23,37
apt,19,7,133,69,84,168,23,40
tog,16,1,16,10,52,105,21,36
tog,6,11,66,34,31,55,22,36
tog,11,15,165,92,63,136,19,37
tog,11,12,132,67,59,100,19,38
tog,2,26,52,27,150,300,0,0
apt,17,5,85,49,59,126,18,37
apt,3,2,6,3,0,1,19,38
tog,7,12,84,43,42,70,21,37
tog,4,13,52,22,36,69,23,37
tog,6,1,6,3,3,10,18,35
tog,15,5,75,38,58,97,10,34
tog,6,19,114,59,77,163,23,33
apt,23,2,46,22,107,231,11,33
apt,7,10,70,38,26,51,22,39
apt,2,16,32,22,51,105,15,35
apt,5,17,85,47,62,126,20,36
tog,1,2,2,1,0,0,14,34
apt,10,12,120,60,52,91,21,38
apt,22,2,44,21,114,210,15,36
tog,16,12,192,113,73,160,0,0
tog,3,20,60,32,84,172,21,35
tog,24,2,48,23,126,253,24,38
tog,9,3,27,13,12,29,12,34
tog,10,18,180,96,90,172,0,0
apt,3,11,33,18,23,46,20,36
apt,3,2,6,6,1,1,11,34
apt,11,14,154,78,57,123,14,38
tog,5,11,55,21,23,51,20,33
tog,4,22,88,39,98,213,18,38
apt,5,11,55,27,25,51,19,36
apt,10,12,120,57,49,91,22,34
apt,4,3,12,7,3,4,22,34
apt,6,9,54,20,19,38,20,33
tog,11,7,77,38,42,60,15,39
tog,11,5,55,32,26,51,18,34
apt,9,4,36,16,17,31,16,35
apt,4,6,24,19,6,13,13,35
tog,3,14,42,23,41,79,16,39
tog,4,22,88,41,117,213,21,40
apt,15,13,195,97,70,157,0,0
tog,24,2,48,22,123,253,19,37
apt,9,8,72,37,22,49,15,36
apt,27,1,27,17,137,325,0,0
tog,8,10,80,40,31,57,19,39
apt,9,7,63,27,17,43,24,37
apt,18,4,72,43,70,139,20,37
tog,2,14,28,12,34,78,15,35
apt,4,4,16,6,4,6,15,34
apt,16,2,32,15,54,105,22,32
apt,12,16,192,88,90,160,0,0
apt,22,1,22,6,110,210,21,38
apt,5,6,30,13,10,16,14,37
tog,1,21,21,5,100,190,19,36
apt,15,8,120,65,50,112,18,36
tog,5,14,70,37,45,84,15,33
tog,8,7,56,24,19,36,17,36
tog,14,4,56,25,36,81,16,36
tog,9,10,90,47,34,64,22,34
apt,3,1,3,3,0,1,16,33
apt,25,3,75,40,152,277,0,0
apt,17,11,187,94,84,165,0,0
tog,15,3,45,15,49,92,17,36
apt,1,22,22,14,105,210,23,37
tog,12,6,72,38,34,65,19,37
apt,1,5,5,3,2,6,22,35
tog,6,8,48,29,15,31,12,32
apt,7,17,119,71,62,135,21,38
apt,17,5,85,42,62,126,14,34
tog,6,18,108,66,69,146,19,37
tog,4,4,16,7,2,6,12,30
apt,9,17,153,61,64,148,23,35
tog,13,6,78,33,42,76,18,34
apt,2,21,42,28,98,190,13,33
apt,8,1,8,3,15,21,11,35
apt,21,3,63,29,84,191,18,36
tog,1,11,11,6,20,45,15,35
apt,5,11,55,25,20,51,19,35
tog,3,6,18,14,4,11,22,34
tog,8,14,112,44,45,99,26,39
apt,5,19,95,46,74,159,17,39
apt,22,6,132,61,119,220,0,0
apt,11,10,110,71,52,81,18,40
apt,19,1,19,10,77,153,19,36
apt,17,11,187,103,86,165,0,0
tog,6,12,72,37,38,65,17,35
tog,17,11,187,92,89,165,0,0
apt,19,6,114,60,82,163,21,37
apt,6,20,120,60,97,181,8,38
apt,8,9,72,49,27,49,13,36
apt,10,12,120,62,48,91,23,37
tog,25,3,75,49,150,277,0,0
apt,10,8,80,36,26,57,23,35
tog,2,10,20,8,18,36,20,35
tog,4,8,32,18,13,24,16,35
apt,2,17,34,18,64,120,17,32
tog,3,8,24,15,14,22,21,38
apt,4,16,64,36,54,108,24,36
apt,5,23,115,62,114,237,0,0
tog,7,3,21,12,6,16,16,36
tog,11,17,187,85,92,165,0,0
tog,2,22,44,16,100,210,19,39
tog,20,6,120,55,91,181,19,39
tog,12,12,144,78,61,110,18,33
tog,1,12,12,6,26,55,19,36
apt,1,24,24,13,123,253,16,33
tog,17,3,51,24,61,121,17,38
apt,6,16,96,54,47,115,15,37
tog,14,7,98,48,44,93,19,37
tog,22,6,132,67,123,220,0,0
tog,12,14,168,80,75,133,18,37
apt,16,12,192,98,78,160,0,0
apt,15,8,120,53,55,112,19,38
apt,4,24,96,51,126,256,0,0
apt,20,6,120,62,88,181,24,38
apt,20,5,100,54,93,177,20,36
tog,14,11,154,74,67,123,16,30
tog,5,17,85,47,72,126,17,35
tog,24,1,24,13,125,253,19,38
tog,16,12,192,99,75,160,0,0
tog,9,2,18,7,12,28,11,37
tog,9,7,63,28,21,43,20,37
apt,20,6,120,63,84,181,20,39
apt,6,20,120,55,95,181,21,37
tog,18,6,108,58,80,146,15,32
tog,13,2,26,13,29,66,19,35
apt,22,6,132,73,107,220,0,0
tog,4,11,44,17,28,48,19,36
tog,6,6,36,15,9,20,19,36
tog,3,7,21,5,6,16,15,34
tog,25,3,75,43,124,277,0,0
tog,2,24,48,31,118,253,15,35
apt,10,15,150,82,62,127,19,37
apt,6,9,54,25,17,38,20,35
apt,2,24,48,18,127,253,16,36
apt,4,17,68,32,58,123,22,36
apt,9,11,99,50,33,73,13,32
tog,10,13,130,62,48,102,18,38
tog,4,16,64,30,53,108,19,33
tog,15,13,195,108,67,157,0,0
tog,13,15,195,99,76,157,0,0
apt,2,8,16,11,12,21,15,37
apt,8,1,8,5,8,21,19,34
apt,4,4,16,6,4,6,18,36
apt,1,27,27,10,159,325,0,0
tog,10,3,30,16,24,37,20,35
tog,20,3,60,35,87,172,17,35
apt,13,4,52,22,34,69,13,34
tog,3,7,21,8,10,16,20,36
apt,26,2,52,29,157,300,0,0
tog,7,21,147,76,101,205,0,0
tog,2,17,34,24,59,120,14,38
tog,5,21,105,53,107,196,16,32
apt,11,13,143,67,47,111,23,36
tog,11,4,44,20,27,48,18,36
tog,13,11,143,61,46,111,16,39
tog,12,16,192,103,84,160,0,0
apt,9,16,144,73,65,133,12,36
tog,13,9,117,69,45,94,15,33
apt,11,17,187,102,80,165,0,0
tog,3,8,24,13,10,22,16,34
apt,5,5,25,13,7,12,14,39
tog,7,19,133,63,83,168,8,33
tog,3,9,27,10,14,29,18,33
apt,13,15,195,95,78,157,0,0
apt,2,17,34,15,49,120,17,36
tog,5,14,70,35,39,84,12,36
apt,12,4,48,21,30,58,16,36
tog,1,23,23,7,105,231,19,34
apt,4,22,88,42,108,213,19,37
tog,19,1,19,10,86,153,18,34
apt,3,6,18,10,5,11,17,35
apt,1,16,16,8,55,105,18,38
apt,12,7,84,38,38,70,17,36
tog,4,6,24,13,7,13,16,39
tog,9,19,171,74,106,181,0,0
apt,7,3,21,10,9,16,13,34
tog,8,11,88,42,34,66,15,36
apt,15,3,45,19,47,92,22,35
apt,12,7,84,49,38,70,20,38
tog,4,11,44,17,25,48,15,34
apt,4,1,4,2,2,3,17,37
apt,21,5,105,54,100,196,18,36
apt,21,5,105,54,100,196,23,31
apt,11,17,187,94,83,165,0,0
tog,10,16,160,84,74,141,20,36
tog,8,20,160,70,100,192,0,0
tog,12,13,156,88,56,121,15,37
tog,6,9,54,31,18,38,22,39
tog,5,12,60,31,30,61,21,36
tog,24,4,96,46,139,256,0,0
tog,3,21,63,30,92,191,22,36
apt,12,6,72,32,33,65,23,39
apt,8,6,48,28,14,31,16,35
tog,3,25,75,38,133,277,0,0
apt,8,11,88,42,33,66,19,35
tog,1,3,3,2,0,1,13,32
tog,3,21,63,34,86,191,15,37
tog,21,7,147,76,99,205,0,0
tog,9,19,171,82,98,181,0,0
apt,10,16,160,76,73,141,13,37
apt,2,3,6,2,0,1,21,35
tog,7,14,98,51,46,93,14,38
apt,6,11,66,29,30,55,18,39
tog,13,8,104,50,47,87,17,37
apt,23,5,115,53,123,237,0,0
tog,11,11,121,56,42,90,15,35
tog,7,21,147,77,97,205,0,0
apt,8,10,80,33,34,57,17,39
tog,9,1,9,4,12,28,21,37
tog,8,17,136,70,71,141,14,37
tog,7,7,49,23,18,30,25,34
apt,10,9,90,46,31,64,15,39
apt,27,1,27,13,156,325,0,0
tog,1,23,23,12,118,231,20,37
apt,9,9,81,42,25,56,12,35
tog,16,2,32,19,59,105,13,36
apt,4,7,28,18,8,18,14,36
tog,19,9,171,84,90,181,0,0
apt,17,11,187,87,85,165,0,0
tog,16,6,96,42,55,115,21,34
tog,6,9,54,27,18,38,16,36
apt,6,9,54,20,24,38,20,37
tog,18,10,180,86,91,172,0,0
tog,3,20,60,25,94,172,17,38
tog,13,11,143,70,46,111,15,39
apt,17,6,102,47,66,130,17,36
apt,3,25,75,35,137,277,0,0
apt,15,2,30,10,48,91,18,33
tog,23,3,69,35,119,232,21,37
apt,21,2,42,26,94,190,19,37
tog,13,12,156,76,59,121,15,34
tog,7,3,21,11,12,16,19,34
apt,18,4,72,26,81,139,19,37
apt,19,5,95,55,78,159,13,37
apt,4,4,16,7,4,6,19,35
tog,16,1,16,8,54,105,22,37
tog,10,1,10,7,17,36,23,34
apt,7,17,119,59,66,135,26,37
apt,2,7,14,8,6,15,12,35
tog,11,8,88,40,39,66,17,39
tog,6,12,72,34,29,65,20,33
apt,12,16,192,99,77,160,0,0
tog,8,10,80,36,23,57,24,37
apt,11,15,165,86,70,136,12,40
tog,5,6,30,13,9,16,21,37
apt,2,24,48,28,125,253,21,39
apt,6,13,78,31,36,76,20,36
apt,1,1,1,1,0,0,22,34
tog,7,18,126,67,72,151,14,39
apt,1,10,10,5,17,36,20,36
tog,20,6,120,61,98,181,24,35
tog,9,12,108,54,39,83,17,33
tog,7,2,14,8,8,15,20,35
apt,1,22,22,8,98,210,21,35
apt,9,9,81,39,27,56,20,32
apt,6,14,84,46,48,88,17,37
tog,2,18,36,15,72,136,22,36
apt,16,7,112,52,56,120,18,37
apt,5,4,20,10,3,9,18,31
apt,6,1,6,4,7,10,12,34
apt,1,17,17,10,66,120,16,39
tog,16,6,96,53,61,115,17,35
apt,4,15,60,34,57,94,14,36
tog,5,10,50,28,22,42,19,38
tog,14,2,28,8,37,78,18,36
tog,10,4,40,24,22,39,21,34
apt,9,10,90,40,32,64,23,39
tog,1,24,24,16,124,253,21,35
apt,16,1,16,7,57,105,16,35
apt,23,3,69,33,120,232,19,39
apt,5,15,75,45,40,97,20,37
apt,11,17,187,87,84,165,0,0
tog,12,1,12,7,27,55,22,38
apt,7,12,84,44,27,70,17,38
apt,18,7,126,66,74,151,21,35
tog,18,8,144,72,85,157,21,36
apt,9,15,135,72,59,119,21,38
tog,4,3,12,4,2,4,16,33
apt,4,5,20,10,4,9,15,38
tog,12,13,156,92,65,121,15,36
apt,7,2,14,8,8,15,13,34
apt,3,6,18,10,4,11,15,38
tog,2,12,24,8,27,55,20,37
apt,8,10,80,40,29,57,16,35
apt,5,17,85,40,69,126,15,38
tog,2,7,14,8,9,15,17,35
apt,10,4,40,19,13,39,17,36
tog,17,5,85,40,62,126,22,37
apt,1,11,11,9,21,45,17,34
apt,14,14,196,91,79,156,0,0
tog,27,1,27,16,164,325,0,0
tog,3,4,12,4,3,4,14,32
apt,13,6,78,38,44,76,17,36
tog,22,6,132,65,117,220,0,0
tog,7,16,112,60,56,120,20,33
tog,13,2,26,14,37,66,20,33
tog,19,5,95,58,77,159,16,36
apt,12,16,192,96,66,160,0,0
tog,7,8,56,25,18,36,13,36
apt,7,19,133,68,76,168,17,34
apt,9,10,90,47,29,64,15,35
