kind,n,mcyc,kR,kM,kB,ee,lev1,lev2,lev3,ncyc,tog,cu,cv,same,same_exp,b0,b1,b2,b3,nch
real,200,72,52,57,0,-0.1250,0.5000,0.6250,0.2500,6,0,29,47,21.0,25.685,6,5,4,6,109
model,200,72,52,57,0,0.2500,0.7500,0.3750,0.5000,3,1,173,173,78.0,83.051,16,18,25,19,109
real,200,72,49,53,0,0.1250,0.7500,0.0000,0.3750,3,1,81,81,51.0,50.629,14,9,12,16,102
model,200,72,49,53,0,0.6250,0.8750,0.5000,0.2500,8,0,29,130,49.0,46.980,14,12,13,10,102
real,200,72,53,49,0,0.1250,0.8750,0.5000,0.6250,9,0,2,47,19.0,19.695,4,3,4,8,102
model,200,72,53,49,0,0.1250,0.2500,0.5000,0.5000,5,0,97,37,31.0,28.797,9,8,7,7,102
real,200,68,54,45,0,0.0000,0.3750,0.6250,0.5000,2,1,100,100,45.0,49.183,11,15,7,12,99
model,200,68,54,45,0,0.2500,0.7500,0.3750,0.2500,4,0,126,46,46.0,46.015,8,13,15,10,99
real,200,158,50,54,0,-0.2500,0.7500,0.2500,0.1250,6,1,97,97,34.0,31.635,10,9,8,7,104
model,200,158,50,54,0,0.5000,0.7500,0.7500,0.8750,7,1,145,145,61.0,56.365,15,12,15,19,104
real,200,158,51,50,0,-0.2500,0.8750,0.3750,0.2500,6,0,25,65,32.0,32.117,5,6,9,12,101
model,200,158,51,50,0,-0.2500,0.5000,0.3750,0.3750,2,1,198,198,100.0,99.975,25,21,29,25,101
real,200,158,44,48,0,-0.3750,0.3750,0.2500,0.5000,4,0,46,118,40.0,40.888,5,10,11,14,92
model,200,158,44,48,0,-0.5000,0.8750,0.7500,0.6250,3,1,189,189,85.0,84.995,26,25,14,20,92
real,200,158,42,53,0,0.0000,0.5000,0.5000,-0.1250,4,0,33,154,56.0,60.497,14,12,11,19,95
model,200,158,42,53,0,0.0000,0.5000,0.1250,0.1250,5,0,152,38,57.0,61.827,16,15,11,15,95
real,200,143,54,50,0,0.0000,1.0000,0.6250,0.3750,6,0,68,48,21.0,22.777,4,7,6,4,104
model,200,143,54,50,0,0.0000,0.7500,1.0000,0.3750,4,1,156,156,67.0,66.396,19,16,13,19,104
real,200,143,51,51,0,1.0000,1.0000,0.7500,1.0000,6,0,11,3,76.0,72.589,15,25,17,19,102
model,200,143,51,51,0,0.0000,0.7500,0.6250,0.1250,3,1,194,194,96.0,96.020,16,26,28,26,102
real,200,143,53,50,0,-0.1250,0.5000,0.7500,0.7500,2,1,193,193,98.0,95.604,28,25,26,19,103
model,200,143,53,50,0,0.1250,0.7500,1.0000,0.5000,2,0,178,22,86.0,87.269,24,23,17,22,103
real,200,143,49,50,0,0.2500,0.5000,0.8750,0.5000,4,1,142,142,56.0,54.914,17,10,15,14,99
model,200,143,49,50,0,0.1250,0.6250,0.2500,0.5000,5,1,29,29,36.0,36.254,6,12,14,4,99
real,200,152,54,50,0,0.0000,0.5000,0.3750,0.2500,5,0,14,33,51.0,52.777,15,12,13,11,104
model,200,152,54,50,0,0.1250,0.5000,0.3750,0.2500,6,0,117,22,34.0,38.624,6,10,8,10,104
real,200,152,51,55,0,-0.1250,0.2500,0.6250,0.6250,4,1,143,143,69.0,62.579,16,16,21,16,106
model,200,152,51,55,0,0.3750,0.7500,-0.1250,0.0000,4,0,5,44,52.0,51.665,14,18,13,7,106
real,200,152,53,51,0,0.1250,0.8750,0.3750,0.3750,5,0,8,144,58.0,60.843,12,13,18,15,104
model,200,152,53,51,0,0.0000,0.5000,0.3750,0.0000,6,1,71,71,31.0,32.934,10,4,10,7,104
real,200,152,46,49,1,-0.3750,0.6250,0.6250,0.6250,8,0,38,11,22.0,26.614,8,3,7,4,95
model,200,152,46,49,1,0.1250,0.6250,0.5000,0.6250,5,1,98,98,41.0,34.482,8,15,15,3,95
real,200,70,50,54,0,0.2500,0.8750,0.5000,0.3750,3,0,8,150,61.0,65.107,13,17,14,17,104
model,200,70,50,54,0,0.0000,0.7500,0.7500,0.7500,2,1,153,153,63.0,66.518,13,10,21,19,104
real,200,70,47,54,0,0.2500,0.5000,0.8750,0.1250,3,1,124,124,53.0,46.198,9,9,14,21,101
model,200,70,47,54,0,0.5000,0.5000,0.5000,0.3750,6,1,109,109,43.0,42.244,11,14,10,8,101
real,200,62,47,48,0,-0.1250,0.6250,0.5000,0.5000,5,0,14,86,25.0,29.157,7,3,6,9,95
model,200,62,47,48,0,0.3750,0.7500,0.3750,0.7500,6,0,16,140,56.0,51.914,18,13,11,14,95
real,200,62,46,47,0,-0.3750,0.3750,0.6250,0.3750,4,1,190,190,85.0,84.543,23,25,12,25,93
model,200,62,46,47,0,-0.2500,0.6250,0.7500,0.5000,3,1,116,116,46.0,46.127,12,9,7,18,93
real,200,175,53,50,0,0.1250,0.5000,0.6250,0.5000,8,0,83,74,34.0,34.487,9,8,10,7,103
model,200,175,53,50,0,0.0000,0.3750,0.6250,0.1250,4,1,166,166,79.0,74.330,17,19,24,19,103
real,200,175,51,48,0,-0.1250,0.7500,0.2500,0.2500,5,0,70,16,40.0,41.736,9,8,14,9,99
model,200,175,51,48,0,0.0000,0.7500,0.2500,0.1250,5,0,51,107,37.0,35.873,11,6,10,10,99
real,200,175,47,50,0,0.2500,0.6250,0.3750,0.3750,5,0,41,63,22.0,22.919,4,12,5,1,97
model,200,175,47,50,0,-0.3750,0.6250,-0.1250,0.6250,9,0,104,36,39.0,33.660,1,14,9,15,97
real,200,175,48,43,1,0.0000,0.6250,0.2500,0.5000,7,0,67,97,34.0,33.665,10,10,3,11,91
model,200,175,48,43,1,0.3750,0.2500,0.2500,0.1250,3,1,194,194,84.0,86.310,19,21,23,21,91
real,200,40,44,53,0,-0.2500,0.6250,0.6250,0.3750,9,0,24,73,24.0,20.523,6,5,5,8,97
model,200,40,44,53,0,0.0000,0.6250,0.7500,0.2500,2,1,171,171,67.0,72.061,13,18,17,19,97
real,200,160,56,48,1,-0.1250,0.7500,0.5000,0.2500,8,0,114,57,40.0,43.650,9,12,12,7,104
model,200,160,56,48,1,-0.5000,0.7500,0.6250,0.2500,3,1,191,191,95.0,95.518,18,33,23,21,104
real,200,160,56,46,0,-0.1250,0.3750,0.6250,0.6250,5,0,55,55,24.0,25.838,5,8,8,3,102
model,200,160,56,46,0,0.5000,0.6250,0.2500,0.6250,2,1,192,192,94.0,96.934,24,20,24,26,102
real,200,160,49,48,0,0.0000,0.3750,0.3750,0.6250,3,0,78,117,49.0,49.330,10,12,11,16,97
model,200,160,49,48,0,-0.3750,0.8750,0.5000,0.2500,8,0,4,131,42.0,41.848,16,3,9,14,97
real,200,82,50,53,0,0.1250,0.6250,0.5000,0.2500,1,1,200,200,103.0,103.000,26,22,32,23,103
model,200,82,50,53,0,0.1250,0.5000,0.3750,0.3750,3,1,131,131,43.0,52.122,15,11,10,7,103
real,200,82,46,55,0,0.2500,0.5000,0.2500,0.3750,5,0,124,56,48.0,46.294,14,5,12,17,101
model,200,82,46,55,0,0.0000,0.7500,0.8750,0.5000,4,1,191,191,91.0,91.660,31,17,22,21,101
real,200,82,49,47,0,-0.2500,0.3750,0.3750,-0.2500,7,1,145,145,44.0,43.832,15,7,11,11,96
model,200,82,49,47,0,0.1250,0.2500,0.6250,0.6250,6,0,91,48,26.0,29.193,8,7,4,7,96
real,200,82,48,45,0,0.1250,0.3750,0.2500,0.3750,4,0,28,164,63.0,64.041,14,13,18,18,93
model,200,82,48,45,0,0.0000,0.8750,0.5000,0.5000,5,0,32,64,36.0,31.695,11,10,4,11,93
real,200,112,48,52,0,0.3750,0.6250,0.0000,-0.1250,2,1,128,128,50.0,52.487,14,18,6,12,100
model,200,112,48,52,0,-0.3750,0.8750,0.3750,0.3750,4,0,22,174,80.0,76.990,14,22,19,25,100
real,200,39,53,54,0,0.2500,0.8750,0.7500,0.6250,5,1,65,65,24.0,27.020,5,4,9,6,107
model,200,39,53,54,0,-0.1250,1.0000,0.3750,0.3750,5,0,53,130,51.0,50.198,10,13,10,18,107
real,200,112,58,48,0,0.2500,0.5000,0.6250,0.5000,5,1,166,166,72.0,76.635,14,12,22,24,106
model,200,112,58,48,0,-0.1250,0.6250,0.6250,0.3750,4,1,153,153,66.0,67.025,16,16,17,17,106
real,200,112,46,42,0,-0.3750,0.5000,0.6250,0.2500,4,1,66,66,39.0,34.878,14,6,13,6,88
model,200,112,46,42,0,-0.1250,0.8750,0.1250,0.2500,3,0,85,25,40.0,35.614,11,9,8,12,88
real,200,100,40,50,1,-0.1250,0.5000,0.7500,0.2500,5,0,140,7,47.0,46.152,7,12,13,15,90
model,200,100,40,50,1,0.0000,0.2500,0.5000,0.2500,5,1,31,31,45.0,47.299,11,14,8,12,90
real,200,100,45,42,0,0.2500,0.5000,0.6250,0.0000,3,1,105,105,40.0,40.269,6,15,11,8,87
model,200,100,45,42,0,0.2500,0.7500,1.0000,0.5000,6,1,43,43,37.0,32.193,5,12,8,12,87
real,200,100,44,54,0,0.0000,1.0000,0.1250,0.1250,7,1,76,76,32.0,24.447,5,7,10,10,98
model,200,100,44,54,0,0.2500,1.0000,0.7500,0.6250,5,0,9,178,76.0,76.249,26,19,10,21,98
real,200,100,44,47,0,0.0000,0.7500,0.7500,0.7500,5,0,7,175,71.0,67.132,22,15,16,18,91
model,200,100,44,47,0,-0.1250,0.7500,0.5000,0.0000,2,1,165,165,67.0,64.437,13,16,24,14,91
real,200,156,52,50,0,0.1250,0.8750,0.5000,0.2500,8,1,126,126,46.0,46.274,12,14,8,12,102
model,200,156,52,50,0,0.1250,0.5000,0.8750,0.6250,4,0,18,97,33.0,35.919,10,5,8,10,102
real,200,156,51,46,1,-0.1250,0.8750,0.5000,0.2500,5,0,41,143,55.0,55.345,15,9,14,17,97
model,200,156,51,46,1,-0.2500,0.7500,0.3750,0.6250,5,0,165,4,69.0,68.218,20,12,13,24,97
real,200,156,45,43,1,0.3750,0.6250,0.5000,0.8750,4,1,169,169,63.0,63.893,19,15,14,15,88
model,200,156,45,43,1,-0.1250,0.3750,0.3750,0.5000,6,1,94,94,34.0,32.457,6,7,8,13,88
real,200,156,48,53,1,0.0000,0.7500,0.6250,0.2500,5,0,94,64,39.0,34.046,10,12,10,7,101
model,200,156,48,53,1,0.1250,0.6250,0.5000,0.3750,5,0,145,15,55.0,55.853,16,12,14,13,101
real,200,96,51,56,0,0.3750,0.7500,0.1250,0.2500,6,0,80,43,32.0,28.142,8,8,13,3,107
model,200,96,51,56,0,-0.1250,0.7500,0.6250,0.6250,6,1,59,59,33.0,34.289,12,4,12,5,107
real,200,96,54,51,0,-0.3750,0.8750,0.6250,0.7500,7,0,10,10,57.0,55.345,17,17,11,12,105
model,200,96,54,51,0,0.1250,0.7500,0.5000,0.2500,3,1,187,187,94.0,92.635,20,18,25,31,105
real,200,96,45,46,0,0.0000,0.6250,0.5000,0.3750,7,0,151,28,48.0,53.594,13,13,12,10,91
model,200,96,45,46,0,0.5000,0.6250,0.3750,0.2500,8,1,136,136,47.0,44.777,18,7,9,13,91
